WayIndex,WayId,NodeIndex,NodeId,Longitude,Latitude,Place
1,436546907,1,4343304907,20.5741632,41.4119843,Дебар
1,436546907,2,4957301811,20.5749156,41.4120161,Дебар
1,436546907,3,4957957480,20.5750829,41.4120232,Дебар
1,436546907,4,694543042,20.5752708,41.4120311,Дебар
2,227935279,1,4343304901,20.5599475,41.4084921,Дебар
2,227935279,2,4343304902,20.5618787,41.4091198,Дебар
2,227935279,3,2367904062,20.5631769,41.4094175,Дебар
2,227935279,4,4343304903,20.5634988,41.4094336,Дебар
2,227935279,5,4343304904,20.5644644,41.4097555,Дебар
2,227935279,6,4343304905,20.5721784,41.4114050,Дебар
2,227935279,7,4343304906,20.5724359,41.4114452,Дебар
2,227935279,8,4343304907,20.5741632,41.4119843,Дебар
3,436441574,1,4343304908,20.5572142,41.4157564,Дебар
3,436441574,2,694543041,20.5574087,41.4153012,Дебар
3,436441574,3,694543049,20.5580548,41.4141279,Дебар
3,436441574,4,694543047,20.5590257,41.4120919,Дебар
3,436441574,5,694543046,20.5592571,41.4111931,Дебар
3,436441574,6,694543045,20.5596353,41.4095148,Дебар
3,436441574,7,4343304901,20.5599475,41.4084921,Дебар
4,193460553,1,2039803331,20.5473810,41.4220595,Дебар
4,193460553,2,694543079,20.5505588,41.4203629,Дебар
4,193460553,3,694543051,20.5569115,41.4169392,Дебар
4,193460553,4,694543044,20.5573409,41.4165399,Дебар
4,193460553,5,694543043,20.5574144,41.4161784,Дебар
4,193460553,6,4343304908,20.5572142,41.4157564,Дебар
5,83469988,1,694543057,20.5235757,41.4385863,Дебар
5,83469988,2,694543060,20.5243261,41.4381083,Дебар
5,83469988,3,694543059,20.5250056,41.4376032,Дебар
5,83469988,4,694543063,20.5257083,41.4366604,Дебар
5,83469988,5,694543062,20.5270269,41.4362916,Дебар
5,83469988,6,694543065,20.5289137,41.4360587,Дебар
5,83469988,7,694543064,20.5306559,41.4361461,Дебар
5,83469988,8,694543061,20.5321850,41.4361790,Дебар
5,83469988,9,694543075,20.5335383,41.4359439,Дебар
5,83469988,10,694543077,20.5347833,41.4359222,Дебар
5,83469988,11,694543076,20.5370558,41.4364660,Дебар
5,83469988,12,694543071,20.5379086,41.4365764,Дебар
5,83469988,13,694543072,20.5385509,41.4362849,Дебар
5,83469988,14,694543073,20.5396934,41.4356747,Дебар
5,83469988,15,694543074,20.5401017,41.4352441,Дебар
5,83469988,16,694543066,20.5404852,41.4343413,Дебар
5,83469988,17,694543067,20.5405620,41.4335396,Дебар
5,83469988,18,694543068,20.5405319,41.4327643,Дебар
5,83469988,19,694543069,20.5401882,41.4310788,Дебар
5,83469988,20,694543070,20.5399129,41.4298299,Дебар
5,83469988,21,694543054,20.5392126,41.4282767,Дебар
5,83469988,22,694543055,20.5383304,41.4273108,Дебар
5,83469988,23,694543056,20.5387246,41.4268847,Дебар
5,83469988,24,694543052,20.5411525,41.4255044,Дебар
5,83469988,25,694543053,20.5434901,41.4243715,Дебар
5,83469988,26,694543078,20.5452035,41.4234427,Дебар
5,83469988,27,2039803331,20.5473810,41.4220595,Дебар
6,436546910,1,697758105,20.5203436,41.4381128,Дебар
6,436546910,2,694543011,20.5213353,41.4385236,Дебар
6,436546910,3,694543058,20.5225428,41.4387692,Дебар
6,436546910,4,694543057,20.5235757,41.4385863,Дебар
7,83470039,1,4344332572,20.4946320,41.4917085,Дебар
7,83470039,2,4948853790,20.4946626,41.4915865,Дебар
7,83470039,3,4948853791,20.4945511,41.4913986,Дебар
7,83470039,4,4948853794,20.4943676,41.4911686,Дебар
7,83470039,5,4948853793,20.4944105,41.4910480,Дебар
7,83470039,6,4948853789,20.4942013,41.4907667,Дебар
7,83470039,7,4948853795,20.4940136,41.4907667,Дебар
7,83470039,8,4948853798,20.4939331,41.4905658,Дебар
7,83470039,9,4948853797,20.4940350,41.4904372,Дебар
7,83470039,10,4948853792,20.4940296,41.4902203,Дебар
7,83470039,11,4948853788,20.4944266,41.4902564,Дебар
7,83470039,12,4948853799,20.4946734,41.4904774,Дебар
7,83470039,13,697758258,20.4949468,41.4903936,Дебар
7,83470039,14,697758256,20.4958418,41.4889125,Дебар
7,83470039,15,1842120873,20.4961791,41.4879374,Дебар
7,83470039,16,697758254,20.4970034,41.4873476,Дебар
7,83470039,17,697758250,20.4969062,41.4867340,Дебар
7,83470039,18,1842120837,20.4963969,41.4865079,Дебар
7,83470039,19,697758253,20.4967821,41.4858465,Дебар
7,83470039,20,697758248,20.4972352,41.4855870,Дебар
7,83470039,21,1842120799,20.4983778,41.4850481,Дебар
7,83470039,22,697758158,20.4987746,41.4840799,Дебар
7,83470039,23,697758156,20.4987813,41.4824208,Дебар
7,83470039,24,697758154,20.4997373,41.4811319,Дебар
7,83470039,25,697758153,20.5008012,41.4797993,Дебар
7,83470039,26,697758152,20.5013248,41.4790359,Дебар
7,83470039,27,697758216,20.5015559,41.4775986,Дебар
7,83470039,28,1842120693,20.5019695,41.4775828,Дебар
7,83470039,29,697758215,20.5022962,41.4765810,Дебар
7,83470039,30,697758213,20.5019973,41.4762171,Дебар
7,83470039,31,1842120679,20.5025330,41.4759324,Дебар
7,83470039,32,697758211,20.5028313,41.4755348,Дебар
7,83470039,33,697758209,20.5030611,41.4749792,Дебар
7,83470039,34,697758207,20.5032507,41.4744594,Дебар
7,83470039,35,697758206,20.5030211,41.4739544,Дебар
7,83470039,36,697758204,20.5027243,41.4730928,Дебар
7,83470039,37,697758202,20.5024067,41.4725179,Дебар
7,83470039,38,697758201,20.5022006,41.4719966,Дебар
7,83470039,39,697758193,20.5020644,41.4711941,Дебар
7,83470039,40,697758195,20.5019627,41.4707876,Дебар
7,83470039,41,697758197,20.5021599,41.4699813,Дебар
7,83470039,42,697758199,20.5024737,41.4691899,Дебар
7,83470039,43,697758189,20.5026356,41.4687508,Дебар
7,83470039,44,697758191,20.5021312,41.4681143,Дебар
7,83470039,45,697758176,20.5020278,41.4674170,Дебар
7,83470039,46,697758187,20.5023923,41.4659326,Дебар
7,83470039,47,697758169,20.5029008,41.4657722,Дебар
7,83470039,48,697758170,20.5033696,41.4653730,Дебар
7,83470039,49,697758172,20.5036176,41.4647655,Дебар
7,83470039,50,697758174,20.5037582,41.4643063,Дебар
7,83470039,51,697758162,20.5040352,41.4641714,Дебар
7,83470039,52,697758160,20.5040093,41.4635001,Дебар
7,83470039,53,697758163,20.5040528,41.4630550,Дебар
7,83470039,54,1842120550,20.5042762,41.4628840,Дебар
7,83470039,55,697758165,20.5043750,41.4626004,Дебар
7,83470039,56,697758167,20.5045290,41.4623524,Дебар
7,83470039,57,1842120544,20.5046607,41.4620257,Дебар
7,83470039,58,697758149,20.5050945,41.4616016,Дебар
7,83470039,59,697758148,20.5053126,41.4609877,Дебар
7,83470039,60,697758151,20.5053972,41.4603888,Дебар
7,83470039,61,1842120527,20.5061027,41.4594096,Дебар
7,83470039,62,1842120520,20.5069095,41.4584594,Дебар
7,83470039,63,1842120519,20.5071849,41.4584066,Дебар
7,83470039,64,697758150,20.5074412,41.4574695,Дебар
7,83470039,65,697758145,20.5077288,41.4567211,Дебар
7,83470039,66,697758143,20.5080923,41.4557068,Дебар
7,83470039,67,697758147,20.5088824,41.4547212,Дебар
7,83470039,68,697758146,20.5101389,41.4538763,Дебар
7,83470039,69,697758141,20.5110011,41.4527573,Дебар
7,83470039,70,697758139,20.5118268,41.4517717,Дебар
7,83470039,71,697758136,20.5120481,41.4507301,Дебар
7,83470039,72,697758135,20.5124084,41.4501168,Дебар
7,83470039,73,697758127,20.5126246,41.4497435,Дебар
7,83470039,74,697758125,20.5125203,41.4494223,Дебар
7,83470039,75,697758132,20.5118099,41.4492856,Дебар
7,83470039,76,697758130,20.5113860,41.4488829,Дебар
7,83470039,77,697758114,20.5102179,41.4481027,Дебар
7,83470039,78,697758116,20.5087299,41.4472944,Дебар
7,83470039,79,697758110,20.5079509,41.4468099,Дебар
7,83470039,80,697758112,20.5078098,41.4463340,Дебар
7,83470039,81,697758121,20.5076756,41.4452641,Дебар
7,83470039,82,697758123,20.5075756,41.4443816,Дебар
7,83470039,83,697758118,20.5078298,41.4436876,Дебар
7,83470039,84,697758120,20.5086196,41.4427287,Дебар
7,83470039,85,697758109,20.5096964,41.4414502,Дебар
7,83470039,86,697758059,20.5113993,41.4401659,Дебар
7,83470039,87,697758086,20.5120835,41.4390460,Дебар
7,83470039,88,697758088,20.5132317,41.4377143,Дебар
7,83470039,89,697758075,20.5136962,41.4374223,Дебар
7,83470039,90,697758077,20.5146915,41.4375067,Дебар
7,83470039,91,697758079,20.5160425,41.4375925,Дебар
7,83470039,92,697758090,20.5173962,41.4373042,Дебар
7,83470039,93,697758092,20.5181079,41.4372537,Дебар
7,83470039,94,697758107,20.5193141,41.4376864,Дебар
7,83470039,95,697758105,20.5203436,41.4381128,Дебар
8,436544158,1,4948689644,20.4895309,41.4930446,Дебар
8,436544158,2,2375843912,20.4897807,41.4928766,Дебар
8,436544158,3,2375844014,20.4899564,41.4928802,Дебар
8,436544158,4,4948866421,20.4901353,41.4927002,Дебар
8,436544158,5,4951039517,20.4902696,41.4926878,Дебар
8,436544158,6,2375843896,20.4905373,41.4925716,Дебар
8,436544158,7,4951039521,20.4907613,41.4925184,Дебар
8,436544158,8,4951039516,20.4908638,41.4924682,Дебар
8,436544158,9,2375844076,20.4909855,41.4924085,Дебар
8,436544158,10,4948689643,20.4911585,41.4924345,Дебар
8,436544158,11,4948689642,20.4913586,41.4923277,Дебар
8,436544158,12,4948689641,20.4914674,41.4923735,Дебар
8,436544158,13,4948689640,20.4918751,41.4922008,Дебар
8,436544158,14,4948689639,20.4920039,41.4921887,Дебар
8,436544158,15,4948683074,20.4923847,41.4920521,Дебар
8,436544158,16,4948683073,20.4925970,41.4918808,Дебар
8,436544158,17,697758263,20.4930513,41.4917759,Дебар
8,436544158,18,4948683072,20.4930553,41.4916945,Дебар
8,436544158,19,4948683071,20.4932752,41.4916382,Дебар
8,436544158,20,4948683070,20.4935685,41.4916811,Дебар
8,436544158,21,4948683069,20.4938760,41.4917346,Дебар
8,436544158,22,4948683068,20.4942676,41.4917146,Дебар
8,436544158,23,4948683067,20.4945359,41.4917427,Дебар
8,436544158,24,4344332572,20.4946320,41.4917085,Дебар
9,436544087,1,4948697705,20.4786068,41.4986076,Дебар
9,436544087,2,4948697704,20.4790318,41.4985551,Дебар
9,436544087,3,4948697703,20.4795128,41.4984257,Дебар
9,436544087,4,4948697702,20.4798304,41.4982473,Дебар
9,436544087,5,4948697701,20.4800732,41.4980270,Дебар
9,436544087,6,4948697700,20.4803441,41.4977017,Дебар
9,436544087,7,4948697699,20.4808578,41.4973449,Дебар
9,436544087,8,4948697698,20.4809231,41.4971910,Дебар
9,436544087,9,4948697697,20.4810259,41.4969637,Дебар
9,436544087,10,4948697696,20.4810866,41.4966733,Дебар
9,436544087,11,4948697695,20.4812127,41.4959563,Дебар
9,436544087,12,4948697694,20.4813108,41.4956275,Дебар
9,436544087,13,4948697693,20.4813901,41.4954911,Дебар
9,436544087,14,4948697692,20.4813528,41.4954246,Дебар
9,436544087,15,4948697691,20.4814789,41.4951938,Дебар
9,436544087,16,4948697690,20.4814789,41.4951063,Дебар
9,436544087,17,4948697689,20.4816096,41.4950014,Дебар
9,436544087,18,4948697688,20.4816937,41.4948335,Дебар
9,436544087,19,4948697687,20.4817918,41.4947250,Дебар
9,436544087,20,4948697686,20.4818244,41.4946201,Дебар
9,436544087,21,4948697685,20.4819926,41.4945676,Дебар
9,436544087,22,4948697684,20.4819786,41.4945012,Дебар
9,436544087,23,4948697683,20.4821046,41.4943962,Дебар
9,436544087,24,4948697682,20.4824409,41.4942948,Дебар
9,436544087,25,4948697681,20.4825950,41.4941164,Дебар
9,436544087,26,4948697680,20.4831881,41.4939170,Дебар
9,436544087,27,4948878481,20.4838225,41.4937120,Дебар
9,436544087,28,4948697679,20.4839400,41.4937281,Дебар
9,436544087,29,4948697678,20.4844583,41.4936582,Дебар
9,436544087,30,4948708381,20.4849872,41.4935388,Дебар
9,436544087,31,4948876336,20.4854573,41.4933261,Дебар
9,436544087,32,4948876342,20.4860002,41.4934077,Дебар
9,436544087,33,4948876341,20.4865141,41.4934708,Дебар
9,436544087,34,4948876343,20.4869604,41.4935041,Дебар
9,436544087,35,4948876348,20.4872930,41.4935765,Дебар
9,436544087,36,4948876335,20.4878016,41.4934989,Дебар
9,436544087,37,4948876352,20.4883015,41.4933997,Дебар
9,436544087,38,4948876351,20.4887950,41.4931907,Дебар
9,436544087,39,4948689644,20.4895309,41.4930446,Дебар
10,55272861,1,4948796336,20.4537022,41.5151971,Дебар
10,55272861,2,4948796335,20.4538367,41.5147466,Дебар
10,55272861,3,4948796334,20.4541127,41.5142378,Дебар
10,55272861,4,4948796333,20.4543959,41.5138455,Дебар
10,55272861,5,4948796332,20.4548630,41.5133579,Дебар
10,55272861,6,4948796331,20.4552948,41.5131300,Дебар
10,55272861,7,4948796330,20.4557195,41.5127484,Дебар
10,55272861,8,4948796329,20.4566255,41.5121759,Дебар
10,55272861,9,4948796328,20.4569299,41.5120911,Дебар
10,55272861,10,4948796327,20.4576661,41.5116883,Дебар
10,55272861,11,4948796300,20.4579886,41.5116003,Дебар
10,55272861,12,4948796299,20.4581488,41.5114573,Дебар
10,55272861,13,4948796298,20.4583460,41.5113466,Дебар
10,55272861,14,4948796297,20.4584692,41.5112312,Дебар
10,55272861,15,4948796296,20.4586541,41.5111158,Дебар
10,55272861,16,4948796295,20.4592826,41.5109636,Дебар
10,55272861,17,4948796294,20.4598988,41.5107467,Дебар
10,55272861,18,4948796293,20.4602501,41.5107467,Дебар
10,55272861,19,4948796292,20.4605644,41.5105852,Дебар
10,55272861,20,4948796291,20.4609526,41.5102991,Дебар
10,55272861,21,4948796290,20.4610142,41.5100499,Дебар
10,55272861,22,4948796289,20.4610881,41.5100545,Дебар
10,55272861,23,4948796288,20.4611005,41.5099438,Дебар
10,55272861,24,4948796287,20.4611990,41.5099392,Дебар
10,55272861,25,4948796286,20.4611929,41.5098700,Дебар
10,55272861,26,4948796285,20.4613593,41.5098653,Дебар
10,55272861,27,4948796284,20.4613408,41.5096715,Дебар
10,55272861,28,4948796283,20.4612052,41.5094962,Дебар
10,55272861,29,4948796282,20.4610573,41.5094454,Дебар
10,55272861,30,4948796281,20.4610573,41.5093670,Дебар
10,55272861,31,4948796280,20.4613408,41.5092239,Дебар
10,55272861,32,4948796279,20.4615195,41.5092009,Дебар
10,55272861,33,4948796278,20.4616242,41.5092239,Дебар
10,55272861,34,4948796254,20.4622713,41.5090301,Дебар
10,55272861,35,4948796255,20.4627211,41.5088594,Дебар
10,55272861,36,4948796256,20.4628998,41.5088455,Дебар
10,55272861,37,4948796257,20.4633003,41.5086563,Дебар
10,55272861,38,4948796258,20.4633373,41.5087025,Дебар
10,55272861,39,4948796259,20.4636084,41.5086148,Дебар
10,55272861,40,4948796260,20.4636208,41.5085594,Дебар
10,55272861,41,4948796261,20.4640891,41.5084072,Дебар
10,55272861,42,4948796262,20.4644773,41.5082918,Дебар
10,55272861,43,4948796263,20.4647792,41.5082503,Дебар
10,55272861,44,4948743107,20.4651292,41.5081521,Дебар
10,55272861,45,4948743108,20.4655682,41.5081206,Дебар
10,55272861,46,4948743109,20.4655635,41.5080542,Дебар
10,55272861,47,4948743110,20.4656989,41.5080332,Дебар
10,55272861,48,4948743111,20.4658484,41.5078793,Дебар
10,55272861,49,4948743112,20.4660445,41.5078304,Дебар
10,55272861,50,4948743113,20.4664181,41.5079388,Дебар
10,55272861,51,4948743114,20.4665115,41.5081171,Дебар
10,55272861,52,4948743115,20.4667917,41.5082920,Дебар
10,55272861,53,4948743116,20.4676697,41.5084913,Дебар
10,55272861,54,4948743117,20.4689119,41.5088620,Дебар
10,55272861,55,4948743118,20.4693882,41.5092992,Дебар
10,55272861,56,4948743119,20.4699440,41.5094565,Дебар
10,55272861,57,4948743120,20.4704950,41.5094496,Дебар
10,55272861,58,4948744221,20.4706870,41.5095289,Дебар
10,55272861,59,4948744222,20.4712758,41.5095111,Дебар
10,55272861,60,4948744223,20.4719334,41.5092222,Дебар
10,55272861,61,4948744224,20.4723957,41.5089739,Дебар
10,55272861,62,4948744225,20.4728160,41.5089188,Дебар
10,55272861,63,535790348,20.4731497,41.5087165,Дебар
10,55272861,64,4948744226,20.4734647,41.5085507,Дебар
10,55272861,65,4948743066,20.4734605,41.5084634,Дебар
10,55272861,66,4948743065,20.4735445,41.5084669,Дебар
10,55272861,67,4948743064,20.4735445,41.5084179,Дебар
10,55272861,68,4948743063,20.4738061,41.5084214,Дебар
10,55272861,69,4948743062,20.4738061,41.5083549,Дебар
10,55272861,70,4948743061,20.4739835,41.5083549,Дебар
10,55272861,71,4948743060,20.4740022,41.5082920,Дебар
10,55272861,72,4948743059,20.4745019,41.5081801,Дебар
10,55272861,73,4948743058,20.4748428,41.5081696,Дебар
10,55272861,74,4948743057,20.4748521,41.5081032,Дебар
10,55272861,75,4948743056,20.4749596,41.5080997,Дебар
10,55272861,76,4948743055,20.4749689,41.5080262,Дебар
10,55272861,77,4948743054,20.4751931,41.5080157,Дебар
10,55272861,78,4948743053,20.4751931,41.5079668,Дебар
10,55272861,79,4948743052,20.4753799,41.5079738,Дебар
10,55272861,80,4948743051,20.4753845,41.5079108,Дебар
10,55272861,81,4948743050,20.4757348,41.5079178,Дебар
10,55272861,82,4948743043,20.4758465,41.5080432,Дебар
10,55272861,83,4948743044,20.4760337,41.5081731,Дебар
10,55272861,84,4948743045,20.4763325,41.5081871,Дебар
10,55272861,85,4948743046,20.4767575,41.5080787,Дебар
10,55272861,86,4948743047,20.4769817,41.5077534,Дебар
10,55272861,87,4948743048,20.4770470,41.5075366,Дебар
10,55272861,88,4948729135,20.4769443,41.5074037,Дебар
10,55272861,89,694453690,20.4763095,41.5067756,Дебар
10,55272861,90,4948729136,20.4758936,41.5062111,Дебар
10,55272861,91,4948729137,20.4757768,41.5061937,Дебар
10,55272861,92,4948729061,20.4750530,41.5055362,Дебар
10,55272861,93,4948729060,20.4746467,41.5051410,Дебар
10,55272861,94,4948729059,20.4743291,41.5048087,Дебар
10,55272861,95,4948729058,20.4742591,41.5045324,Дебар
10,55272861,96,4948729030,20.4738668,41.5042561,Дебар
10,55272861,97,4948729029,20.4736053,41.5039798,Дебар
10,55272861,98,4948729028,20.4734138,41.5039204,Дебар
10,55272861,99,4948729027,20.4731009,41.5036546,Дебар
10,55272861,100,694453589,20.4725739,41.5033705,Дебар
10,55272861,101,4948729026,20.4722121,41.5032088,Дебар
10,55272861,102,4948729025,20.4719708,41.5029376,Дебар
10,55272861,103,4948729024,20.4716625,41.5027278,Дебар
10,55272861,104,4948729023,20.4715505,41.5025984,Дебар
10,55272861,105,4948729022,20.4713730,41.5025424,Дебар
10,55272861,106,4948729021,20.4711068,41.5023465,Дебар
10,55272861,107,4948728814,20.4707379,41.5021472,Дебар
10,55272861,108,4948728815,20.4705324,41.5019653,Дебар
10,55272861,109,4948728816,20.4703082,41.5016190,Дебар
10,55272861,110,4948728817,20.4700561,41.5012623,Дебар
10,55272861,111,4948728818,20.4698085,41.5007621,Дебар
10,55272861,112,4948728819,20.4693882,41.5002865,Дебар
10,55272861,113,4948728820,20.4690567,41.4999297,Дебар
10,55272861,114,4948723324,20.4688278,41.4996009,Дебар
10,55272861,115,694453542,20.4686773,41.4995061,Дебар
10,55272861,116,4948723325,20.4685430,41.4992792,Дебар
10,55272861,117,4948723326,20.4683562,41.4989189,Дебар
10,55272861,118,4948721090,20.4683001,41.4986636,Дебар
10,55272861,119,4948721089,20.4682628,41.4984887,Дебар
10,55272861,120,4948894889,20.4679061,41.4981770,Дебар
10,55272861,121,2375844068,20.4679272,41.4979912,Дебар
10,55272861,122,2375844015,20.4679289,41.4978689,Дебар
10,55272861,123,2375844009,20.4678750,41.4977421,Дебар
10,55272861,124,4951032285,20.4678778,41.4977249,Дебар
10,55272861,125,2375843924,20.4678994,41.4975900,Дебар
10,55272861,126,4948721084,20.4688045,41.4976772,Дебар
10,55272861,127,4948721083,20.4690473,41.4973624,Дебар
10,55272861,128,4948721082,20.4691501,41.4972120,Дебар
10,55272861,129,694453522,20.4695739,41.4967613,Дебар
10,55272861,130,4948721081,20.4696983,41.4966940,Дебар
10,55272861,131,4948721080,20.4698039,41.4965264,Дебар
10,55272861,132,4948721079,20.4701541,41.4963306,Дебар
10,55272861,133,4948721078,20.4703970,41.4961941,Дебар
10,55272861,134,4948721077,20.4707892,41.4960752,Дебар
10,55272861,135,4948894890,20.4711890,41.4960275,Дебар
10,55272861,136,4948721075,20.4717653,41.4960927,Дебар
10,55272861,137,4948721074,20.4720081,41.4961906,Дебар
10,55272861,138,694453535,20.4724065,41.4963056,Дебар
10,55272861,139,4948721073,20.4727964,41.4963790,Дебар
10,55272861,140,4948721072,20.4730869,41.4963306,Дебар
10,55272861,141,4948721071,20.4734652,41.4963795,Дебар
10,55272861,142,4948721070,20.4740676,41.4962396,Дебар
10,55272861,143,4948721069,20.4744132,41.4961697,Дебар
10,55272861,144,4948721068,20.4746140,41.4961557,Дебар
10,55272861,145,4948721067,20.4748895,41.4960542,Дебар
10,55272861,146,4948721066,20.4751510,41.4961032,Дебар
10,55272861,147,4948721065,20.4754452,41.4962676,Дебар
10,55272861,148,4948721064,20.4756320,41.4964810,Дебар
10,55272861,149,4948721063,20.4758515,41.4967293,Дебар
10,55272861,150,4948721062,20.4762205,41.4970301,Дебар
10,55272861,151,4948721061,20.4762998,41.4972435,Дебар
10,55272861,152,4948721060,20.4764913,41.4974499,Дебар
10,55272861,153,4948721059,20.4767061,41.4975513,Дебар
10,55272861,154,4948697711,20.4770937,41.4976807,Дебар
10,55272861,155,4948697710,20.4773599,41.4978661,Дебар
10,55272861,156,4948697709,20.4774206,41.4982194,Дебар
10,55272861,157,4948697708,20.4775047,41.4983942,Дебар
10,55272861,158,4948697707,20.4777429,41.4985481,Дебар
10,55272861,159,4948697706,20.4779997,41.4986111,Дебар
10,55272861,160,4948697705,20.4786068,41.4986076,Дебар
11,436544099,1,4948812623,20.4726347,41.5341732,Дебар
11,436544099,2,4948812624,20.4722362,41.5341215,Дебар
11,436544099,3,4948812625,20.4719465,41.5337360,Дебар
11,436544099,4,4948812652,20.4718070,41.5333906,Дебар
11,436544099,5,4948812651,20.4717748,41.5328847,Дебар
11,436544099,6,4948812650,20.4718928,41.5325313,Дебар
11,436544099,7,4948812639,20.4720001,41.5326678,Дебар
11,436544099,8,4948812640,20.4723220,41.5322582,Дебар
11,436544099,9,4948812635,20.4724568,41.5314818,Дебар
11,436544099,10,4948812641,20.4723523,41.5312789,Дебар
11,436544099,11,2039803338,20.4721160,41.5308205,Дебар
11,436544099,12,4948812636,20.4717544,41.5304757,Дебар
11,436544099,13,4948812637,20.4716182,41.5305097,Дебар
11,436544099,14,4948812646,20.4713185,41.5304524,Дебар
11,436544099,15,4948806264,20.4711079,41.5304121,Дебар
11,436544099,16,4948806263,20.4700462,41.5300411,Дебар
11,436544099,17,4948806262,20.4698338,41.5296861,Дебар
11,436544099,18,4948806261,20.4696002,41.5295748,Дебар
11,436544099,19,4948806260,20.4691826,41.5295324,Дебар
11,436544099,20,4948806259,20.4688075,41.5294635,Дебар
11,436544099,21,4948806258,20.4681704,41.5292304,Дебар
11,436544099,22,4948806257,20.4675121,41.5292410,Дебар
11,436544099,23,4948806256,20.4670166,41.5291986,Дебар
11,436544099,24,4948806234,20.4665990,41.5291350,Дебар
11,436544099,25,4948806233,20.4663371,41.5292622,Дебар
11,436544099,26,4948806232,20.4660752,41.5292834,Дебар
11,436544099,27,4948806231,20.4652187,41.5292357,Дебар
11,436544099,28,4948806230,20.4644613,41.5291933,Дебар
11,436544099,29,4948800846,20.4642136,41.5291244,Дебар
11,436544099,30,4948800845,20.4632368,41.5292993,Дебар
11,436544099,31,4948800844,20.4625785,41.5293205,Дебар
11,436544099,32,4948800843,20.4619343,41.5292728,Дебар
11,436544099,33,4948800842,20.4609646,41.5291827,Дебар
11,436544099,34,4948800836,20.4611274,41.5291297,Дебар
11,436544099,35,4948800837,20.4609434,41.5288595,Дебар
11,436544099,36,4948800838,20.4603134,41.5284673,Дебар
11,436544099,37,4948800839,20.4598886,41.5282015,Дебар
11,436544099,38,4948799919,20.4599524,41.5280911,Дебар
11,436544099,39,4948799918,20.4601223,41.5280328,Дебар
11,436544099,40,4948799917,20.4607588,41.5280751,Дебар
11,436544099,41,4948839512,20.4607394,41.5279663,Дебар
11,436544099,42,4948799916,20.4607239,41.5278791,Дебар
11,436544099,43,4948799915,20.4604620,41.5278632,Дебар
11,436544099,44,4948799914,20.4599453,41.5277307,Дебар
11,436544099,45,4948799902,20.4598745,41.5276778,Дебар
11,436544099,46,4948933858,20.4597312,41.5276462,Дебар
11,436544099,47,4948799901,20.4593932,41.5275718,Дебар
11,436544099,48,4948799899,20.4588411,41.5271955,Дебар
11,436544099,49,535790409,20.4581674,41.5267212,Дебар
11,436544099,50,4948799898,20.4581757,41.5265119,Дебар
11,436544099,51,4948799897,20.4583445,41.5263122,Дебар
11,436544099,52,4948796415,20.4582677,41.5262841,Дебар
11,436544099,53,4948796416,20.4579421,41.5260721,Дебар
11,436544099,54,4948796417,20.4577298,41.5261251,Дебар
11,436544099,55,4948796418,20.4576873,41.5260721,Дебар
11,436544099,56,4948796419,20.4577793,41.5260191,Дебар
11,436544099,57,4948796420,20.4577439,41.5258018,Дебар
11,436544099,58,4948796421,20.4573192,41.5254627,Дебар
11,436544099,59,4948796422,20.4570786,41.5254998,Дебар
11,436544099,60,4948840762,20.4569817,41.5255594,Дебар
11,436544099,61,535790406,20.4568886,41.5256167,Дебар
11,436544099,62,4948796423,20.4561513,41.5250917,Дебар
11,436544099,63,4948796424,20.4556912,41.5245618,Дебар
11,436544099,64,4948796425,20.4550117,41.5238411,Дебар
11,436544099,65,694453615,20.4542436,41.5229077,Дебар
11,436544099,66,4948796426,20.4536243,41.5218696,Дебар
11,436544099,67,4948796427,20.4534049,41.5211542,Дебар
11,436544099,68,4948796428,20.4531430,41.5201843,Дебар
11,436544099,69,4948796429,20.4529873,41.5197604,Дебар
11,436544099,70,4948796374,20.4530297,41.5194265,Дебар
11,436544099,71,4948796375,20.4529023,41.5185520,Дебар
11,436544099,72,4948796376,20.4529023,41.5180962,Дебар
11,436544099,73,4948796377,20.4530156,41.5177835,Дебар
11,436544099,74,4948796378,20.4530580,41.5176298,Дебар
11,436544099,75,4948796379,20.4531147,41.5174125,Дебар
11,436544099,76,4948796380,20.4532279,41.5167500,Дебар
11,436544099,77,4948796381,20.4533766,41.5162465,Дебар
11,436544099,78,4948796382,20.4535748,41.5155257,Дебар
11,436544099,79,4948796336,20.4537022,41.5151971,Дебар
12,436544088,1,4948953804,20.4659305,41.5418552,Дебар
12,436544088,2,4948956021,20.4662309,41.5416946,Дебар
12,436544088,3,4948956028,20.4670463,41.5409317,Дебар
12,436544088,4,4948953815,20.4679690,41.5406828,Дебар
12,436544088,5,4948953816,20.4685987,41.5403999,Дебар
12,436544088,6,4948956025,20.4690172,41.5399823,Дебар
12,436544088,7,4948956027,20.4692564,41.5395264,Дебар
12,436544088,8,4948953820,20.4693262,41.5392132,Дебар
12,436544088,9,4948953808,20.4692511,41.5388840,Дебар
12,436544088,10,4948956024,20.4690955,41.5385708,Дебар
12,436544088,11,4948950221,20.4689292,41.5383459,Дебар
12,436544088,12,4948950232,20.4689828,41.5378841,Дебар
12,436544088,13,4948950237,20.4690097,41.5372256,Дебар
12,436544088,14,4948950235,20.4689292,41.5371895,Дебар
12,436544088,15,4948950222,20.4689506,41.5366916,Дебар
12,436544088,16,4948950236,20.4690955,41.5364065,Дебар
12,436544088,17,4948950224,20.4695322,41.5360553,Дебар
12,436544088,18,4948950225,20.4697607,41.5357560,Дебар
12,436544088,19,4948950230,20.4698572,41.5357801,Дебар
12,436544088,20,4948950226,20.4698111,41.5359469,Дебар
12,436544088,21,4948950228,20.4714236,41.5353303,Дебар
12,436544088,22,4948950234,20.4717670,41.5351416,Дебар
12,436544088,23,4948950223,20.4720888,41.5347441,Дебар
12,436544088,24,4948950231,20.4722551,41.5345553,Дебар
12,436544088,25,4948950227,20.4724375,41.5344991,Дебар
12,436544088,26,4948950233,20.4725470,41.5343086,Дебар
12,436544088,27,4948812623,20.4726347,41.5341732,Дебар
13,436544108,1,4948819581,20.4564004,41.5525103,Дебар
13,436544108,2,4948819580,20.4563146,41.5521971,Дебар
13,436544108,3,4948819579,20.4565721,41.5520125,Дебар
13,436544108,4,4948819578,20.4567330,41.5516351,Дебар
13,436544108,5,694454079,20.4568651,41.5511874,Дебар
13,436544108,6,4948819577,20.4570978,41.5508242,Дебар
13,436544108,7,4948819576,20.4577200,41.5501176,Дебар
13,436544108,8,4948819575,20.4580204,41.5497483,Дебар
13,436544108,9,4948819574,20.4583745,41.5493709,Дебар
13,436544108,10,4948819573,20.4586320,41.5488651,Дебар
13,436544108,11,4948819572,20.4589968,41.5481745,Дебар
13,436544108,12,4948819571,20.4593896,41.5475020,Дебар
13,436544108,13,4948819570,20.4597603,41.5468813,Дебар
13,436544108,14,4948819569,20.4599011,41.5464347,Дебар
13,436544108,15,4948819568,20.4602595,41.5460143,Дебар
13,436544108,16,4948960268,20.4608575,41.5458152,Дебар
13,436544108,17,4948960269,20.4610729,41.5461977,Дебар
13,436544108,18,2133765588,20.4606036,41.5465651,Дебар
13,436544108,19,535790489,20.4601472,41.5472788,Дебар
13,436544108,20,4948819613,20.4601984,41.5475161,Дебар
13,436544108,21,4948827039,20.4608314,41.5473957,Дебар
13,436544108,22,535790485,20.4615278,41.5471627,Дебар
13,436544108,23,4948827040,20.4624826,41.5467274,Дебар
13,436544108,24,4948827041,20.4624622,41.5464883,Дебар
13,436544108,25,4948827042,20.4622154,41.5462153,Дебар
13,436544108,26,4948827043,20.4620223,41.5461591,Дебар
13,436544108,27,4948827044,20.4619532,41.5458213,Дебар
13,436544108,28,4948819614,20.4613989,41.5459425,Дебар
13,436544108,29,4948819567,20.4615395,41.5456693,Дебар
13,436544108,30,4948819566,20.4620759,41.5451474,Дебар
13,436544108,31,4948819565,20.4624300,41.5444568,Дебар
13,436544108,32,4948819564,20.4631059,41.5438706,Дебар
13,436544108,33,4948957548,20.4635958,41.5436007,Дебар
13,436544108,34,4948957551,20.4635937,41.5433269,Дебар
13,436544108,35,4948957550,20.4638494,41.5430194,Дебар
13,436544108,36,4948957545,20.4642946,41.5426861,Дебар
13,436544108,37,4948957549,20.4649434,41.5423651,Дебар
13,436544108,38,4948957546,20.4654799,41.5421001,Дебар
13,436544108,39,4948953804,20.4659305,41.5418552,Дебар
14,436544096,1,1896062044,20.4938837,41.5609928,Дебар
14,436544096,2,4948981242,20.4936068,41.5608708,Дебар
14,436544096,3,4948981232,20.4933963,41.5611849,Дебар
14,436544096,4,4948981235,20.4933856,41.5612973,Дебар
14,436544096,5,4948981240,20.4930712,41.5612917,Дебар
14,436544096,6,4948981236,20.4930959,41.5612090,Дебар
14,436544096,7,4948981234,20.4925509,41.5612315,Дебар
14,436544096,8,4948981239,20.4925004,41.5611407,Дебар
14,436544096,9,4948981237,20.4922505,41.5611351,Дебар
14,436544096,10,4948981250,20.4922269,41.5610605,Дебар
14,436544096,11,4948981249,20.4919694,41.5610123,Дебар
14,436544096,12,4948981244,20.4912205,41.5606053,Дебар
14,436544096,13,4948981241,20.4913042,41.5604744,Дебар
14,436544096,14,4948981233,20.4909415,41.5602320,Дебар
14,436544096,15,4948981245,20.4906787,41.5599751,Дебар
14,436544096,16,4948981252,20.4904727,41.5598483,Дебар
14,436544096,17,4948981248,20.4903761,41.5598483,Дебар
14,436544096,18,4948981238,20.4899094,41.5595673,Дебар
14,436544096,19,4948981231,20.4897700,41.5595552,Дебар
14,436544096,20,4948981253,20.4891316,41.5591418,Дебар
14,436544096,21,4948981247,20.4886166,41.5589893,Дебар
14,436544096,22,4948981254,20.4881123,41.5589130,Дебар
14,436544096,23,4948981251,20.4879300,41.5590454,Дебар
14,436544096,24,4948981246,20.4879782,41.5588287,Дебар
14,436544096,25,4948981230,20.4876242,41.5587765,Дебар
14,436544096,26,4948981243,20.4874311,41.5588086,Дебар
14,436544096,27,4948979868,20.4873613,41.5588447,Дебар
14,436544096,28,4948979869,20.4872809,41.5591458,Дебар
14,436544096,29,4948979859,20.4866693,41.5591418,Дебар
14,436544096,30,4948979858,20.4864333,41.5591859,Дебар
14,436544096,31,4948979861,20.4861973,41.5593104,Дебар
14,436544096,32,4948979863,20.4862777,41.5594750,Дебар
14,436544096,33,4948979853,20.4861275,41.5594870,Дебар
14,436544096,34,4948979836,20.4858110,41.5593866,Дебар
14,436544096,35,4948979848,20.4857788,41.5594509,Дебар
14,436544096,36,4948979850,20.4852799,41.5594428,Дебар
14,436544096,37,4948979860,20.4850385,41.5595432,Дебар
14,436544096,38,4948979847,20.4845021,41.5594950,Дебар
14,436544096,39,4948979890,20.4844753,41.5593023,Дебар
14,436544096,40,4948979876,20.4846738,41.5592622,Дебар
14,436544096,41,4948979889,20.4846898,41.5591378,Дебар
14,436544096,42,4948979835,20.4843197,41.5590615,Дебар
14,436544096,43,4948979851,20.4838423,41.5590495,Дебар
14,436544096,44,4948979855,20.4835848,41.5588849,Дебар
14,436544096,45,4948979886,20.4833005,41.5588488,Дебар
14,436544096,46,4948979849,20.4829893,41.5589371,Дебар
14,436544096,47,4948979833,20.4825870,41.5589009,Дебар
14,436544096,48,4948979843,20.4822941,41.5589595,Дебар
14,436544096,49,4948979878,20.4822920,41.5587966,Дебар
14,436544096,50,4948979887,20.4820452,41.5586481,Дебар
14,436544096,51,4948979840,20.4817931,41.5585638,Дебар
14,436544096,52,4948979867,20.4815195,41.5586119,Дебар
14,436544096,53,4948979862,20.4814819,41.5585196,Дебар
14,436544096,54,4948979866,20.4811171,41.5583952,Дебар
14,436544096,55,4948979881,20.4808972,41.5584072,Дебар
14,436544096,56,4948979857,20.4808006,41.5582667,Дебар
14,436544096,57,4948979873,20.4805861,41.5583189,Дебар
14,436544096,58,4948979841,20.4804520,41.5582667,Дебар
14,436544096,59,4948979877,20.4802910,41.5582587,Дебар
14,436544096,60,4948979885,20.4802588,41.5583550,Дебар
14,436544096,61,4948979846,20.4801247,41.5583510,Дебар
14,436544096,62,4948979872,20.4801033,41.5584594,Дебар
14,436544096,63,4948979865,20.4797439,41.5585437,Дебар
14,436544096,64,4948979888,20.4797921,41.5586360,Дебар
14,436544096,65,4948979880,20.4793147,41.5588126,Дебар
14,436544096,66,4948979870,20.4786517,41.5588512,Дебар
14,436544096,67,4948979882,20.4783566,41.5587147,Дебар
14,436544096,68,4948979874,20.4784188,41.5585959,Дебар
14,436544096,69,4948979839,20.4780809,41.5585838,Дебар
14,436544096,70,4948979845,20.4780970,41.5584714,Дебар
14,436544096,71,4948979852,20.4779650,41.5584337,Дебар
14,436544096,72,4948979854,20.4779468,41.5582828,Дебар
14,436544096,73,4948979856,20.4778609,41.5582386,Дебар
14,436544096,74,4948979884,20.4777966,41.5583189,Дебар
14,436544096,75,4948979837,20.4776893,41.5583189,Дебар
14,436544096,76,4948979842,20.4773460,41.5583470,Дебар
14,436544096,77,4948979883,20.4771904,41.5582788,Дебар
14,436544096,78,4948979871,20.4769544,41.5583149,Дебар
14,436544096,79,4948979834,20.4769544,41.5583871,Дебар
14,436544096,80,4948979844,20.4768202,41.5584674,Дебар
14,436544096,81,4948979879,20.4764608,41.5584674,Дебар
14,436544096,82,4948979864,20.4761443,41.5584313,Дебар
14,436544096,83,4948979838,20.4760424,41.5583831,Дебар
14,436544096,84,4948979875,20.4756133,41.5584433,Дебар
14,436544096,85,4948968883,20.4754845,41.5583912,Дебар
14,436544096,86,4948968878,20.4753504,41.5584152,Дебар
14,436544096,87,4948968850,20.4751970,41.5582410,Дебар
14,436544096,88,4948968853,20.4747120,41.5583430,Дебар
14,436544096,89,4948968877,20.4742292,41.5583952,Дебар
14,436544096,90,4948968866,20.4741166,41.5585156,Дебар
14,436544096,91,4948968873,20.4737733,41.5585718,Дебар
14,436544096,92,4948968854,20.4736123,41.5585316,Дебар
14,436544096,93,4948968864,20.4734192,41.5587163,Дебар
14,436544096,94,4948968858,20.4732154,41.5586440,Дебар
14,436544096,95,4948968881,20.4730008,41.5586561,Дебар
14,436544096,96,4948968860,20.4727004,41.5588488,Дебар
14,436544096,97,4948968865,20.4722176,41.5588327,Дебар
14,436544096,98,4948968862,20.4720245,41.5587203,Дебар
14,436544096,99,4948968886,20.4718796,41.5587605,Дебар
14,436544096,100,4948968872,20.4718635,41.5588849,Дебар
14,436544096,101,4948968867,20.4716135,41.5588632,Дебар
14,436544096,102,4948968871,20.4713700,41.5587524,Дебар
14,436544096,103,4948968859,20.4712144,41.5588287,Дебар
14,436544096,104,4948968870,20.4711983,41.5589130,Дебар
14,436544096,105,4948968863,20.4713968,41.5590053,Дебар
14,436544096,106,4948968875,20.4713539,41.5591739,Дебар
14,436544096,107,4948968857,20.4707123,41.5591964,Дебар
14,436544096,108,4948968852,20.4707391,41.5590960,Дебар
14,436544096,109,4948968885,20.4705492,41.5589571,Дебар
14,436544096,110,4948968851,20.4701791,41.5587725,Дебар
14,436544096,111,4948968880,20.4700879,41.5588367,Дебар
14,436544096,112,4948968856,20.4698519,41.5588769,Дебар
14,436544096,113,4948968879,20.4696963,41.5588488,Дебар
14,436544096,114,4948968876,20.4696748,41.5586561,Дебар
14,436544096,115,4948968869,20.4697607,41.5586481,Дебар
14,436544096,116,4948968884,20.4697446,41.5584875,Дебар
14,436544096,117,4948968874,20.4696427,41.5584795,Дебар
14,436544096,118,4948968882,20.4696373,41.5584032,Дебар
14,436544096,119,4948968855,20.4694656,41.5583992,Дебар
14,436544096,120,4948968861,20.4694603,41.5584594,Дебар
14,436544096,121,4948968868,20.4691277,41.5584674,Дебар
14,436544096,122,4948975958,20.4692081,41.5587123,Дебар
14,436544096,123,4948975965,20.4691599,41.5587845,Дебар
14,436544096,124,4948975970,20.4688455,41.5586946,Дебар
14,436544096,125,4948975949,20.4689721,41.5585798,Дебар
14,436544096,126,4948975969,20.4688326,41.5584393,Дебар
14,436544096,127,4948975954,20.4684196,41.5584634,Дебар
14,436544096,128,4948975959,20.4684432,41.5586143,Дебар
14,436544096,129,4948975944,20.4671128,41.5582250,Дебар
14,436544096,130,4948975946,20.4671804,41.5580901,Дебар
14,436544096,131,4948975961,20.4669980,41.5580901,Дебар
14,436544096,132,4948975942,20.4668102,41.5581704,Дебар
14,436544096,133,4948975945,20.4668317,41.5583350,Дебар
14,436544096,134,4948975977,20.4665742,41.5582426,Дебар
14,436544096,135,4948975976,20.4664723,41.5581021,Дебар
14,436544096,136,4948975963,20.4662845,41.5580299,Дебар
14,436544096,137,4948975979,20.4657695,41.5575763,Дебар
14,436544096,138,4948975968,20.4656215,41.5575988,Дебар
14,436544096,139,4948975967,20.4651795,41.5573635,Дебар
14,436544096,140,4948975955,20.4646379,41.5572471,Дебар
14,436544096,141,4948975981,20.4646057,41.5573194,Дебар
14,436544096,142,4948975971,20.4641068,41.5571749,Дебар
14,436544096,143,4948975951,20.4640693,41.5570665,Дебар
14,436544096,144,4948975962,20.4635275,41.5568377,Дебар
14,436544096,145,4948975960,20.4633899,41.5568441,Дебар
14,436544096,146,4948975982,20.4633451,41.5567694,Дебар
14,436544096,147,4948975956,20.4631091,41.5567213,Дебар
14,436544096,148,4948975950,20.4629500,41.5568000,Дебар
14,436544096,149,4948975983,20.4627837,41.5567197,Дебар
14,436544096,150,4948975947,20.4626174,41.5566715,Дебар
14,436544096,151,4948975952,20.4624922,41.5564764,Дебар
14,436544096,152,4948975953,20.4620040,41.5560951,Дебар
14,436544096,153,4948975972,20.4619718,41.5559746,Дебар
14,436544096,154,4948975973,20.4617143,41.5559706,Дебар
14,436544096,155,4948975957,20.4613192,41.5563223,Дебар
14,436544096,156,4948975975,20.4610116,41.5561392,Дебар
14,436544096,157,4948975974,20.4606092,41.5559465,Дебар
14,436544096,158,4948975978,20.4602874,41.5558943,Дебар
14,436544096,159,4948975964,20.4601157,41.5558181,Дебар
14,436544096,160,4948975966,20.4597635,41.5557723,Дебар
14,436544096,161,4948975943,20.4592520,41.5555531,Дебар
14,436544096,162,4948975948,20.4592038,41.5554809,Дебар
14,436544096,163,4948975980,20.4590482,41.5554528,Дебар
14,436544096,164,4948971074,20.4590267,41.5552480,Дебар
14,436544096,165,4948971076,20.4585225,41.5552320,Дебар
14,436544096,166,4948971073,20.4582650,41.5553645,Дебар
14,436544096,167,4948971070,20.4580021,41.5554166,Дебар
14,436544096,168,4948971078,20.4577393,41.5555250,Дебар
14,436544096,169,4948971079,20.4571063,41.5556575,Дебар
14,436544096,170,4948971069,20.4568855,41.5556728,Дебар
14,436544096,171,4948971072,20.4567917,41.5556778,Дебар
14,436544096,172,4948840836,20.4571021,41.5551488,Дебар
14,436544096,173,4948840756,20.4570592,41.5548196,Дебар
14,436544096,174,4948840776,20.4567377,41.5543401,Дебар
14,436544096,175,4948840809,20.4564798,41.5537518,Дебар
14,436544096,176,4948839489,20.4562763,41.5534430,Дебар
14,436544096,177,4948840748,20.4562974,41.5529971,Дебар
14,436544096,178,4948840744,20.4567480,41.5524391,Дебар
14,436544096,179,4948819581,20.4564004,41.5525103,Дебар
15,416531251,1,696964830,20.5537048,41.5807722,Дебар
15,416531251,2,696964831,20.5530708,41.5807237,Дебар
15,416531251,3,696964832,20.5515358,41.5807484,Дебар
15,416531251,4,696964833,20.5508613,41.5806383,Дебар
15,416531251,5,696964834,20.5500337,41.5799872,Дебар
15,416531251,6,696964835,20.5494435,41.5795092,Дебар
15,416531251,7,696964836,20.5486726,41.5785548,Дебар
15,416531251,8,696964837,20.5482247,41.5782308,Дебар
15,416531251,9,696964838,20.5475310,41.5779365,Дебар
15,416531251,10,696964839,20.5463040,41.5778242,Дебар
15,416531251,11,696964840,20.5447275,41.5779407,Дебар
15,416531251,12,696964820,20.5428426,41.5782709,Дебар
15,416531251,13,696964821,20.5424333,41.5782692,Дебар
15,416531251,14,696964823,20.5420451,41.5781910,Дебар
15,416531251,15,696964822,20.5411467,41.5770867,Дебар
15,416531251,16,696964825,20.5401514,41.5760392,Дебар
15,416531251,17,696964824,20.5387263,41.5750207,Дебар
15,416531251,18,696964827,20.5370151,41.5739550,Дебар
15,416531251,19,696964826,20.5361732,41.5733583,Дебар
15,416531251,20,696964828,20.5346437,41.5726462,Дебар
15,416531251,21,696964725,20.5336863,41.5720439,Дебар
15,416531251,22,696964727,20.5319741,41.5711469,Дебар
15,416531251,23,696964726,20.5307813,41.5706591,Дебар
15,416531251,24,696964729,20.5294345,41.5701625,Дебар
15,416531251,25,696964728,20.5279060,41.5693276,Дебар
15,416531251,26,696964732,20.5270924,41.5686644,Дебар
15,416531251,27,696964731,20.5260579,41.5674478,Дебар
15,416531251,28,696964730,20.5255856,41.5666067,Дебар
15,416531251,29,696964734,20.5253830,41.5663297,Дебар
15,416531251,30,696964733,20.5251597,41.5660986,Дебар
15,416531251,31,696964723,20.5248132,41.5659130,Дебар
15,416531251,32,696964724,20.5236482,41.5657547,Дебар
15,416531251,33,696964722,20.5224626,41.5656117,Дебар
15,416531251,34,696964711,20.5218916,41.5653638,Дебар
15,416531251,35,696964714,20.5199776,41.5641282,Дебар
15,416531251,36,696964715,20.5191315,41.5635853,Дебар
15,416531251,37,696964712,20.5185405,41.5632759,Дебар
15,416531251,38,696964713,20.5179274,41.5631966,Дебар
15,416531251,39,696964718,20.5173133,41.5632401,Дебар
15,416531251,40,696964719,20.5163702,41.5635123,Дебар
15,416531251,41,696964716,20.5152825,41.5639681,Дебар
15,416531251,42,696964717,20.5146472,41.5641189,Дебар
15,416531251,43,696964720,20.5133588,41.5640521,Дебар
15,416531251,44,5217586116,20.5122583,41.5640188,Дебар
16,539171351,1,5217586116,20.5122583,41.5640188,Дебар
16,539171351,2,696964721,20.5118860,41.5640151,Дебар
16,539171351,3,696964703,20.5104741,41.5640552,Дебар
16,539171351,4,696964704,20.5094378,41.5642190,Дебар
16,539171351,5,696964708,20.5086401,41.5642002,Дебар
16,539171351,6,696964707,20.5075779,41.5639808,Дебар
16,539171351,7,696964706,20.5057192,41.5635892,Дебар
16,539171351,8,696964705,20.5039210,41.5633053,Дебар
16,539171351,9,696964710,20.5022660,41.5630219,Дебар
16,539171351,10,696964709,20.5008367,41.5626628,Дебар
16,539171351,11,696964700,20.4991000,41.5620888,Дебар
16,539171351,12,696964699,20.4985316,41.5619513,Дебар
16,539171351,13,696964702,20.4979903,41.5615826,Дебар
16,539171351,14,5219701711,20.4973034,41.5613597,Дебар
16,539171351,15,696964685,20.4965713,41.5612425,Дебар
16,539171351,16,696964684,20.4957241,41.5612388,Дебар
16,539171351,17,696964683,20.4947767,41.5612024,Дебар
16,539171351,18,696964689,20.4943748,41.5611790,Дебар
16,539171351,19,1896062044,20.4938837,41.5609928,Дебар
17,416529680,1,4344124103,20.5577075,41.5819846,Дебар
17,416529680,2,696964845,20.5573808,41.5818759,Дебар
17,416529680,3,696964847,20.5562568,41.5816567,Дебар
17,416529680,4,696964848,20.5554403,41.5813467,Дебар
17,416529680,5,696964829,20.5543994,41.5809437,Дебар
17,416529680,6,696964830,20.5537048,41.5807722,Дебар
18,416531246,1,4344124102,20.5660141,41.5786806,Дебар
18,416531246,2,1895927248,20.5649493,41.5793989,Дебар
18,416531246,3,4172785580,20.5636189,41.5791421,Дебар
18,416531246,4,4172785576,20.5629322,41.5791581,Дебар
18,416531246,5,4172785586,20.5617092,41.5795915,Дебар
18,416531246,6,4172785582,20.5608723,41.5801051,Дебар
18,416531246,7,4172785581,20.5603359,41.5803459,Дебар
18,416531246,8,4172785578,20.5598638,41.5808756,Дебар
18,416531246,9,4172784420,20.5594132,41.5809237,Дебар
18,416531246,10,4172784417,20.5585978,41.5812769,Дебар
18,416531246,11,4344124103,20.5577075,41.5819846,Дебар
19,416532300,1,4344124101,20.5697343,41.5680257,Дебар
19,416532300,2,4344333629,20.5689168,41.5687827,Дебар
19,416532300,3,4172797926,20.5682537,41.5700244,Дебар
19,416532300,4,4172797918,20.5673311,41.5709234,Дебар
19,416532300,5,4172797914,20.5670092,41.5715815,Дебар
19,416532300,6,4172797920,20.5670092,41.5724163,Дебар
19,416532300,7,4172797916,20.5662367,41.5737647,Дебар
19,416532300,8,4172797921,20.5660651,41.5750168,Дебар
19,416532300,9,4172797924,20.5655072,41.5758515,Дебар
19,416532300,10,4172797919,20.5654428,41.5764615,Дебар
19,416532300,11,4172797915,20.5659792,41.5777296,Дебар
19,416532300,12,4616371669,20.5660602,41.5782424,Дебар
19,416532300,13,4344124102,20.5660141,41.5786806,Дебар
20,436519016,1,4344123187,20.6000862,41.5558877,Дебар
20,436519016,2,4344124089,20.5982838,41.5563052,Дебар
20,436519016,3,4344124090,20.5962775,41.5570599,Дебар
20,436519016,4,4344124091,20.5943141,41.5574131,Дебар
20,436519016,5,4344124092,20.5891106,41.5588101,Дебар
20,436519016,6,4344124093,20.5846045,41.5603434,Дебар
20,436519016,7,4344124094,20.5833599,41.5614272,Дебар
20,436519016,8,4344124095,20.5829201,41.5621737,Дебар
20,436519016,9,4344124096,20.5803881,41.5640602,Дебар
20,436519016,10,4344124097,20.5783603,41.5645017,Дебар
20,436519016,11,4344124098,20.5766973,41.5653767,Дебар
20,436519016,12,4344124099,20.5726096,41.5663801,Дебар
20,436519016,13,4344124100,20.5711505,41.5668778,Дебар
20,436519016,14,4344124101,20.5697343,41.5680257,Дебар
21,436544162,1,4344123183,20.6136474,41.5513354,Дебар
21,436544162,2,4344123182,20.6135509,41.5507814,Дебар
21,436544162,3,4344123181,20.6118665,41.5506289,Дебар
21,436544162,4,4344123184,20.6087015,41.5529171,Дебар
21,436544162,5,4344123185,20.6057188,41.5539448,Дебар
21,436544162,6,4344123186,20.6025860,41.5543061,Дебар
21,436544162,7,4344123188,20.6006656,41.5559038,Дебар
21,436544162,8,4344123187,20.6000862,41.5558877,Дебар
22,436544161,1,4172806679,20.6187195,41.5554943,Дебар
22,436544161,2,4172828524,20.6183574,41.5548280,Дебар
22,436544161,3,4172828507,20.6151388,41.5532222,Дебар
22,436544161,4,4172828510,20.6143877,41.5525077,Дебар
22,436544161,5,4172828523,20.6141302,41.5515843,Дебар
22,436544161,6,4344123183,20.6136474,41.5513354,Дебар
23,466939357,1,4172806678,20.6227562,41.5505566,Дебар
23,466939357,2,4172806677,20.6230137,41.5523551,Дебар
23,466939357,3,4616371739,20.6188401,41.5554565,Дебар
23,466939357,4,4172806679,20.6187195,41.5554943,Дебар
24,436544155,1,4172828518,20.6440852,41.5434906,Дебар
24,436544155,2,4172828504,20.6408450,41.5446148,Дебар
24,436544155,3,4172828511,20.6394503,41.5471361,Дебар
24,436544155,4,4172828505,20.6368110,41.5495771,Дебар
24,436544155,5,4172828503,20.6285283,41.5510384,Дебар
24,436544155,6,4172828506,20.6249020,41.5511829,Дебар
24,436544155,7,4172806678,20.6227562,41.5505566,Дебар
25,466939360,1,4172828516,20.6721276,41.5431131,Дебар
25,466939360,2,4172828527,20.6636116,41.5442775,Дебар
25,466939360,3,4172828526,20.6600926,41.5431694,Дебар
25,466939360,4,4172828521,20.6519601,41.5422700,Дебар
25,466939360,5,4172828531,20.6508229,41.5420452,Дебар
25,466939360,6,4172828525,20.6483981,41.5423182,Дебар
25,466939360,7,4172828517,20.6468961,41.5428482,Дебар
25,466939360,8,4172828518,20.6440852,41.5434906,Дебар
26,416535276,1,4616371969,20.6767253,41.5437565,Дебар
26,416535276,2,4172828509,20.6766901,41.5438238,Дебар
26,416535276,3,4172828508,20.6756494,41.5432818,Дебар
26,416535276,4,4172828520,20.6747482,41.5431533,Дебар
26,416535276,5,4172828513,20.6743190,41.5432176,Дебар
26,416535276,6,4172828515,20.6739757,41.5430248,Дебар
26,416535276,7,4616371801,20.6733057,41.5429552,Дебар
26,416535276,8,4616371800,20.6727666,41.5429331,Дебар
26,416535276,9,4616371799,20.6724286,41.5429753,Дебар
26,416535276,10,4172828512,20.6721894,41.5428964,Дебар
26,416535276,11,4172828516,20.6721276,41.5431131,Дебар
27,466939369,1,4344123180,20.6602629,41.5279923,Дебар
27,466939369,2,4172828514,20.6590197,41.5317336,Дебар
27,466939369,3,4172828529,20.6615517,41.5349782,Дебар
27,466939369,4,4172828532,20.6645558,41.5360222,Дебар
27,466939369,5,4172828530,20.6680963,41.5375963,Дебар
27,466939369,6,4172828528,20.6744478,41.5399252,Дебар
27,466939369,7,4172828522,20.6779239,41.5414670,Дебар
27,466939369,8,4616371969,20.6767253,41.5437565,Дебар
28,436519015,1,4344123180,20.6602629,41.5279923,Дебар
28,436519015,2,4344123179,20.6672681,41.5264952,Дебар
28,436519015,3,4344123178,20.6749714,41.5222541,Дебар
28,436519015,4,4344123177,20.6801749,41.5204789,Дебар
28,436519015,5,4344123176,20.6811834,41.5203021,Дебар
28,436519015,6,4344123175,20.6821704,41.5197238,Дебар
28,436519015,7,4344123174,20.6853032,41.5190329,Дебар
28,436519015,8,4344123172,20.6907535,41.5151769,Дебар
28,436519015,9,4344123173,20.6961394,41.5159160,Дебар
28,436519015,10,4344123171,20.6991220,41.5128793,Дебар
28,436519015,11,4344123170,20.7129407,41.5060020,Дебар
28,436519015,12,4344123169,20.7233692,41.5019202,Дебар
28,436519015,13,4344123168,20.7296992,41.4952185,Дебар
28,436519015,14,4344123167,20.7290674,41.4934663,Дебар
29,193449860,1,2039713322,20.6927886,41.4531078,Дебар
29,193449860,2,4321207867,20.6925378,41.4540511,Дебар
29,193449860,3,4321207869,20.6930940,41.4548153,Дебар
29,193449860,4,4321207872,20.6936501,41.4568066,Дебар
29,193449860,5,4321207875,20.6936810,41.4578949,Дебар
29,193449860,6,4321207878,20.6941444,41.4588906,Дебар
29,193449860,7,4321207881,20.6942062,41.4596084,Дебар
29,193449860,8,4321207884,20.6946156,41.4609050,Дебар
29,193449860,9,4321207885,20.6942680,41.4615243,Дебар
29,193449860,10,4321207887,20.6944457,41.4619758,Дебар
29,193449860,11,4321207889,20.6943761,41.4623926,Дебар
29,193449860,12,4321207891,20.6944843,41.4627804,Дебар
29,193449860,13,4321207893,20.6943175,41.4634179,Дебар
29,193449860,14,4321207898,20.6935342,41.4658307,Дебар
29,193449860,15,2039713324,20.6942867,41.4730522,Дебар
29,193449860,16,2039713325,20.7005206,41.4827574,Дебар
29,193449860,17,4321207980,20.7036308,41.4860112,Дебар
29,193449860,18,4321207982,20.7081716,41.4869706,Дебар
29,193449860,19,4321207981,20.7115190,41.4864473,Дебар
29,193449860,20,2039713327,20.7180533,41.4893663,Дебар
29,193449860,21,4321207985,20.7197856,41.4908736,Дебар
29,193449860,22,2039713330,20.7208417,41.4916824,Дебар
29,193449860,23,4321207986,20.7218377,41.4919638,Дебар
29,193449860,24,4321207987,20.7229584,41.4920292,Дебар
29,193449860,25,2039713331,20.7241764,41.4917453,Дебар
29,193449860,26,4344123161,20.7246681,41.4914502,Дебар
29,193449860,27,4344123162,20.7258375,41.4914984,Дебар
29,193449860,28,4344123163,20.7269641,41.4920127,Дебар
29,193449860,29,4344123164,20.7283266,41.4931378,Дебар
29,193449860,30,4344123167,20.7290674,41.4934663,Дебар
30,433280803,1,2037936798,20.6889473,41.4374748,Дебар
30,433280803,2,2039713317,20.6885142,41.4412320,Дебар
30,433280803,3,2039713319,20.6881537,41.4438543,Дебар
30,433280803,4,4321207846,20.6881815,41.4470692,Дебар
30,433280803,5,4321207851,20.6887994,41.4490608,Дебар
30,433280803,6,2039713322,20.6927886,41.4531078,Дебар
31,193299136,1,4333519100,20.6823615,41.4311116,Дебар
31,193299136,2,4333519101,20.6828027,41.4313451,Дебар
31,193299136,3,4333519104,20.6843272,41.4319347,Дебар
31,193299136,4,4333519106,20.6849540,41.4322072,Дебар
31,193299136,5,4333519108,20.6853583,41.4327856,Дебар
31,193299136,6,4333519109,20.6858701,41.4333584,Дебар
31,193299136,7,4333519110,20.6861817,41.4339257,Дебар
31,193299136,8,4333519111,20.6873167,41.4352048,Дебар
31,193299136,9,4333519112,20.6881772,41.4363171,Дебар
31,193299136,10,2039738147,20.6884330,41.4368478,Дебар
31,193299136,11,2037936798,20.6889473,41.4374748,Дебар
32,227935281,1,4336877861,20.6626157,41.4488352,Дебар
32,227935281,2,4336877860,20.6655339,41.4479506,Дебар
32,227935281,3,4336877859,20.6681088,41.4434470,Дебар
32,227935281,4,4336877858,20.6684522,41.4410020,Дебар
32,227935281,5,2039713321,20.6715421,41.4399725,Дебар
32,227935281,6,2039713320,20.6727437,41.4377848,Дебар
32,227935281,7,4336877857,20.6736020,41.4358545,Дебар
32,227935281,8,4336877856,20.6745676,41.4355005,Дебар
32,227935281,9,4336877855,20.6750182,41.4350742,Дебар
32,227935281,10,4336877854,20.6751684,41.4347364,Дебар
32,227935281,11,4336877853,20.6756190,41.4342538,Дебар
32,227935281,12,4336877852,20.6763915,41.4337631,Дебар
32,227935281,13,4336877851,20.6770674,41.4333207,Дебар
32,227935281,14,4336877850,20.6776146,41.4327818,Дебар
32,227935281,15,4336877849,20.6780008,41.4327335,Дебар
32,227935281,16,4336877848,20.6784944,41.4325807,Дебар
32,227935281,17,4336877847,20.6798033,41.4315511,Дебар
32,227935281,18,4336877846,20.6818109,41.4313339,Дебар
32,227935281,19,4333519100,20.6823615,41.4311116,Дебар
33,436211178,1,4336877871,20.6547407,41.4544481,Дебар
33,436211178,2,4336877870,20.6579808,41.4537726,Дебар
33,436211178,3,4336877866,20.6588177,41.4532419,Дебар
33,436211178,4,4336877868,20.6598476,41.4534188,Дебар
33,436211178,5,4336877869,20.6608347,41.4534188,Дебар
33,436211178,6,2039713323,20.6621221,41.4534831,Дебар
33,436211178,7,4336877867,20.6628732,41.4533545,Дебар
33,436211178,8,4336877865,20.6629805,41.4524378,Дебар
33,436211178,9,4336877864,20.6618647,41.4512798,Дебар
33,436211178,10,4336877863,20.6625298,41.4510225,Дебар
33,436211178,11,4336877862,20.6627659,41.4502827,Дебар
33,436211178,12,4336877861,20.6626157,41.4488352,Дебар
34,436211201,1,4336877876,20.6502561,41.4784543,Дебар
34,436211201,2,4336877875,20.6474022,41.4713964,Дебар
34,436211201,3,4336877874,20.6476382,41.4698047,Дебар
34,436211201,4,2039713326,20.6488398,41.4680843,Дебар
34,436211201,5,4336877873,20.6488398,41.4651579,Дебар
34,436211201,6,4336877872,20.6526164,41.4574071,Дебар
34,436211201,7,4336877871,20.6547407,41.4544481,Дебар
35,436544104,1,2039713333,20.6506638,41.4918444,Дебар
35,436544104,2,4336877877,20.6484751,41.4842093,Дебар
35,436544104,3,4336877876,20.6502561,41.4784543,Дебар
36,436211181,1,2039713335,20.6341843,41.4931784,Дебар
36,436211181,2,4336877898,20.6368450,41.4923426,Дебар
36,436211181,3,4336877892,20.6391624,41.4913461,Дебар
36,436211181,4,4336877887,20.6406430,41.4908639,Дебар
36,436211181,5,4336877884,20.6428961,41.4907032,Дебар
36,436211181,6,2039713332,20.6437973,41.4908157,Дебар
36,436211181,7,4336877883,20.6453208,41.4906871,Дебар
36,436211181,8,4336877886,20.6473378,41.4907835,Дебар
36,436211181,9,4336877885,20.6489471,41.4907032,Дебар
36,436211181,10,2039713333,20.6506638,41.4918444,Дебар
37,436544154,1,4336877881,20.6269704,41.4904651,Дебар
37,436544154,2,4336877880,20.6284121,41.4898834,Дебар
37,436544154,3,4336877879,20.6290559,41.4896263,Дебар
37,436544154,4,4336877878,20.6299786,41.4894816,Дебар
37,436544154,5,4336877882,20.6319956,41.4904782,Дебар
37,436544154,6,4336877890,20.6337336,41.4911372,Дебар
37,436544154,7,2039713335,20.6341843,41.4931784,Дебар
38,436205772,1,4336877913,20.6167150,41.5002278,Дебар
38,436205772,2,4336877912,20.6169108,41.4997678,Дебар
38,436205772,3,4336877911,20.6173614,41.4993821,Дебар
38,436205772,4,4336877910,20.6175546,41.4989643,Дебар
38,436205772,5,4336877909,20.6180481,41.4987714,Дебар
38,436205772,6,4336877908,20.6183056,41.4984178,Дебар
38,436205772,7,4336877907,20.6184987,41.4974535,Дебар
38,436205772,8,4336877906,20.6194214,41.4957178,Дебар
38,436205772,9,2039738145,20.6201080,41.4953482,Дебар
38,436205772,10,4336877905,20.6201509,41.4949464,Дебар
38,436205772,11,4336877904,20.6204943,41.4945124,Дебар
38,436205772,12,4336877903,20.6204943,41.4938856,Дебар
38,436205772,13,4336877902,20.6208161,41.4933873,Дебар
38,436205772,14,4336877901,20.6207732,41.4930820,Дебар
38,436205772,15,4336877900,20.6210092,41.4926480,Дебар
38,436205772,16,4336877899,20.6214169,41.4924391,Дебар
38,436205772,17,4336877896,20.6219319,41.4918122,Дебар
38,436205772,18,4336877891,20.6225542,41.4912979,Дебар
38,436205772,19,4336877889,20.6232838,41.4910889,Дебар
38,436205772,20,4336877893,20.6240562,41.4915390,Дебар
38,436205772,21,4336877894,20.6245927,41.4916033,Дебар
38,436205772,22,4336877897,20.6252364,41.4918283,Дебар
38,436205772,23,4336877895,20.6256441,41.4916836,Дебар
38,436205772,24,4336877888,20.6266312,41.4910086,Дебар
38,436205772,25,4336877881,20.6269704,41.4904651,Дебар
39,436544084,1,4336877966,20.6016973,41.5322229,Дебар
39,436544084,2,4336877963,20.6025127,41.5313234,Дебар
39,436544084,3,4336877952,20.6055597,41.5281267,Дебар
39,436544084,4,4336877931,20.6052379,41.5256850,Дебар
39,436544084,5,4336877919,20.6085423,41.5237251,Дебар
39,436544084,6,2039713340,20.6108812,41.5211225,Дебар
39,436544084,7,4336877918,20.6133274,41.5170739,Дебар
39,436544084,8,4336877917,20.6143359,41.5122537,Дебар
39,436544084,9,2039713339,20.6154088,41.5096828,Дебар
39,436544084,10,4336877916,20.6156234,41.5085259,Дебар
39,436544084,11,4336877915,20.6163100,41.5072403,Дебар
39,436544084,12,4336877914,20.6177906,41.5055049,Дебар
39,436544084,13,4336877913,20.6167150,41.5002278,Дебар
40,435793618,1,4336877926,20.5808365,41.5253140,Дебар
40,435793618,2,4336877945,20.5818919,41.5266649,Дебар
40,435793618,3,4336877949,20.5827288,41.5269701,Дебар
40,435793618,4,4336877944,20.5846600,41.5263115,Дебар
40,435793618,5,4336877940,20.5852393,41.5261669,Дебар
40,435793618,6,4336877939,20.5857972,41.5261187,Дебар
40,435793618,7,4336877935,20.5862693,41.5258938,Дебар
40,435793618,8,4336877936,20.5865053,41.5258938,Дебар
40,435793618,9,4336877930,20.5868272,41.5256850,Дебар
40,435793618,10,4336877929,20.5889300,41.5256368,Дебар
40,435793618,11,4336877923,20.5899385,41.5248336,Дебар
40,435793618,12,4336877921,20.5905823,41.5245926,Дебар
40,435793618,13,4336877922,20.5913762,41.5247693,Дебар
40,435793618,14,4336877920,20.5917839,41.5245765,Дебар
40,435793618,15,4336877924,20.5921701,41.5248336,Дебар
40,435793618,16,4336877925,20.5935005,41.5250263,Дебар
40,435793618,17,4336877927,20.5936722,41.5253155,Дебар
40,435793618,18,4336877928,20.5942301,41.5253476,Дебар
40,435793618,19,4336877942,20.5956892,41.5262633,Дебар
40,435793618,20,4336877941,20.5964188,41.5262151,Дебар
40,435793618,21,4336877937,20.5976418,41.5259581,Дебар
40,435793618,22,4336877933,20.5977706,41.5257653,Дебар
40,435793618,23,4336877934,20.5985860,41.5258296,Дебар
40,435793618,24,4336877943,20.5988220,41.5262794,Дебар
40,435793618,25,4336877946,20.5983070,41.5267131,Дебар
40,435793618,26,4336877947,20.5979208,41.5268416,Дебар
40,435793618,27,4336877950,20.5979208,41.5272914,Дебар
40,435793618,28,4336877953,20.5988435,41.5281428,Дебар
40,435793618,29,2039713341,20.5988435,41.5285765,Дебар
40,435793618,30,4336877955,20.5992726,41.5284962,Дебар
40,435793618,31,4336877956,20.5994443,41.5294440,Дебар
40,435793618,32,4336877957,20.5999164,41.5297170,Дебар
40,435793618,33,4336877958,20.5997662,41.5299098,Дебар
40,435793618,34,4336877960,20.5999164,41.5302311,Дебар
40,435793618,35,4336877961,20.6003455,41.5304720,Дебар
40,435793618,36,4336877962,20.6001953,41.5308575,Дебар
40,435793618,37,4336877964,20.6009463,41.5314358,Дебар
40,435793618,38,4336877965,20.6013540,41.5315322,Дебар
40,435793618,39,4336877966,20.6016973,41.5322229,Дебар
41,436544163,1,4336877959,20.5682877,41.5301507,Дебар
41,436544163,2,4336877954,20.5693472,41.5284204,Дебар
41,436544163,3,4336877948,20.5709029,41.5269023,Дебар
41,436544163,4,2365666782,20.5705885,41.5264701,Дебар
41,436544163,5,2365666762,20.5760280,41.5263576,Дебар
41,436544163,6,4336877938,20.5788315,41.5260429,Дебар
41,436544163,7,4336877932,20.5794645,41.5257296,Дебар
41,436544163,8,4336877926,20.5808365,41.5253140,Дебар
42,436544093,1,2365666781,20.5627993,41.5308780,Дебар
42,436544093,2,4336877959,20.5682877,41.5301507,Дебар
43,436544106,1,2365666764,20.5590455,41.5259615,Дебар
43,436544106,2,4336877951,20.5606488,41.5274842,Дебар
43,436544106,3,2365666781,20.5627993,41.5308780,Дебар
44,510978205,1,4340822743,20.5613783,41.5154658,Дебар
44,510978205,2,2365666758,20.5617931,41.5157175,Дебар
44,510978205,3,2365666756,20.5668781,41.5194695,Дебар
44,510978205,4,4340822772,20.5646023,41.5206432,Дебар
44,510978205,5,4340822773,20.5646023,41.5208561,Дебар
44,510978205,6,4340822774,20.5642000,41.5212135,Дебар
44,510978205,7,4340822775,20.5638459,41.5213621,Дебар
44,510978205,8,4340822776,20.5634168,41.5216754,Дебар
44,510978205,9,4340822777,20.5630091,41.5218321,Дебар
44,510978205,10,4340822778,20.5626711,41.5220369,Дебар
44,510978205,11,4340822779,20.5625746,41.5221734,Дебар
44,510978205,12,4340822780,20.5619523,41.5223984,Дебар
44,510978205,13,2365666774,20.5610397,41.5230387,Дебар
44,510978205,14,2365666764,20.5590455,41.5259615,Дебар
45,510978208,1,4999362005,20.5368518,41.5060083,Дебар
45,510978208,2,2365666788,20.5423716,41.5075822,Дебар
45,510978208,3,2365666745,20.5468777,41.5085142,Дебар
45,510978208,4,2365666761,20.5522851,41.5099282,Дебар
45,510978208,5,2365666751,20.5566410,41.5117455,Дебар
45,510978208,6,2365666783,20.5585722,41.5132238,Дебар
45,510978208,7,2365666739,20.5598382,41.5150378,Дебар
45,510978208,8,4340822743,20.5613783,41.5154658,Дебар
46,510987817,1,2365666768,20.5240468,41.5011543,Дебар
46,510987817,2,2365666744,20.5312136,41.5044005,Дебар
46,510987817,3,4999362005,20.5368518,41.5060083,Дебар
47,510984605,1,2365666742,20.5172232,41.4964937,Дебар
47,510984605,2,2365666768,20.5240468,41.5011543,Дебар
48,510990889,1,2365666757,20.5170301,41.4784764,Дебар
48,510990889,2,2365666772,20.5162791,41.4829599,Дебар
48,510990889,3,2365666755,20.5162362,41.4882001,Дебар
48,510990889,4,2365666754,20.5162791,41.4923149,Дебар
48,510990889,5,2365666742,20.5172232,41.4964937,Дебар
49,510991698,1,2365666785,20.5249909,41.4718028,Дебар
49,510991698,2,2365666766,20.5234459,41.4726388,Дебар
49,510991698,3,2365666750,20.5201844,41.4730569,Дебар
49,510991698,4,2365666746,20.5178670,41.4743752,Дебар
49,510991698,5,2365666757,20.5170301,41.4784764,Дебар
50,510992324,1,2365666770,20.5280808,41.4644387,Дебар
50,510992324,2,2365666765,20.5277375,41.4653713,Дебар
50,510992324,3,2365666752,20.5270079,41.4668185,Дебар
50,510992324,4,2365666747,20.5264929,41.4694554,Дебар
50,510992324,5,2365666785,20.5249909,41.4718028,Дебар
51,510993495,1,2365666778,20.5284670,41.4610941,Дебар
51,510993495,2,2365666779,20.5273512,41.4626056,Дебар
51,510993495,3,2365666770,20.5280808,41.4644387,Дебар
52,510985567,1,2365666753,20.5330161,41.4570738,Дебар
52,510985567,2,2365666773,20.5310849,41.4586176,Дебар
52,510985567,3,2365666778,20.5284670,41.4610941,Дебар
53,510995094,1,2365666776,20.5504397,41.4479711,Дебар
53,510995094,2,2365666775,20.5484227,41.4483892,Дебар
53,510995094,3,2365666789,20.5464915,41.4481962,Дебар
53,510995094,4,2365666769,20.5443886,41.4480354,Дебар
53,510995094,5,2365666741,20.5428866,41.4490647,Дебар
53,510995094,6,2365666743,20.5412773,41.4513663,Дебар
53,510995094,7,2365666767,20.5392388,41.4524422,Дебар
53,510995094,8,2365666787,20.5366639,41.4531498,Дебар
53,510995094,9,2365666749,20.5346254,41.4539716,Дебар
53,510995094,10,2365666753,20.5330161,41.4570738,Дебар
54,510996078,1,2365666763,20.5608896,41.4348631,Дебар
54,510996078,2,2365666759,20.5587009,41.4374048,Дебар
54,510996078,3,2365666786,20.5567268,41.4392708,Дебар
54,510996078,4,2365666784,20.5556539,41.4418766,Дебар
54,510996078,5,2365666777,20.5553106,41.4443216,Дебар
54,510996078,6,2365666760,20.5531863,41.4459766,Дебар
54,510996078,7,2365666776,20.5504397,41.4479711,Дебар
55,436205789,1,2365666780,20.5638562,41.4282034,Дебар
55,436205789,2,2365666748,20.5633572,41.4303409,Дебар
55,436205789,3,2365666763,20.5608896,41.4348631,Дебар
56,435792966,1,2365666780,20.5638562,41.4282034,Дебар
56,435792966,2,4343304914,20.5642122,41.4270453,Дебар
56,435792966,3,4343304913,20.5654139,41.4254042,Дебар
56,435792966,4,4957968826,20.5660479,41.4234746,Дебар
56,435792966,5,4343304912,20.5665082,41.4220737,Дебар
56,435792966,6,4343304911,20.5688042,41.4213013,Дебар
56,435792966,7,4343304910,20.5709285,41.4199819,Дебар
56,435792966,8,4957968900,20.5715986,41.4192086,Дебар
56,435792966,9,4343304909,20.5745119,41.4158465,Дебар
56,435792966,10,4957957464,20.5752337,41.4122175,Дебар
56,435792966,11,694543042,20.5752708,41.4120311,Дебар
1,227935281,1,4336877861,20.6626157,41.4488352,Центар Жупа
1,227935281,2,4336877860,20.6655339,41.4479506,Центар Жупа
1,227935281,3,4336877859,20.6681088,41.4434470,Центар Жупа
1,227935281,4,4336877858,20.6684522,41.4410020,Центар Жупа
1,227935281,5,2039713321,20.6715421,41.4399725,Центар Жупа
1,227935281,6,2039713320,20.6727437,41.4377848,Центар Жупа
1,227935281,7,4336877857,20.6736020,41.4358545,Центар Жупа
1,227935281,8,4336877856,20.6745676,41.4355005,Центар Жупа
1,227935281,9,4336877855,20.6750182,41.4350742,Центар Жупа
1,227935281,10,4336877854,20.6751684,41.4347364,Центар Жупа
1,227935281,11,4336877853,20.6756190,41.4342538,Центар Жупа
1,227935281,12,4336877852,20.6763915,41.4337631,Центар Жупа
1,227935281,13,4336877851,20.6770674,41.4333207,Центар Жупа
1,227935281,14,4336877850,20.6776146,41.4327818,Центар Жупа
1,227935281,15,4336877849,20.6780008,41.4327335,Центар Жупа
1,227935281,16,4336877848,20.6784944,41.4325807,Центар Жупа
1,227935281,17,4336877847,20.6798033,41.4315511,Центар Жупа
1,227935281,18,4336877846,20.6818109,41.4313339,Центар Жупа
1,227935281,19,4333519100,20.6823615,41.4311116,Центар Жупа
2,435792965,1,2037936789,20.6816074,41.4304549,Центар Жупа
2,435792965,2,4333519100,20.6823615,41.4311116,Центар Жупа
3,193452382,1,2037936789,20.6816074,41.4304549,Центар Жупа
3,193452382,2,2038066282,20.6807431,41.4298209,Центар Жупа
3,193452382,3,4336877832,20.6784793,41.4289923,Центар Жупа
3,193452382,4,4336877838,20.6774493,41.4291693,Центар Жупа
3,193452382,5,4336877839,20.6770202,41.4291854,Центар Жупа
3,193452382,6,4336877837,20.6766768,41.4291693,Центар Жупа
3,193452382,7,4336877836,20.6762048,41.4291693,Центар Жупа
3,193452382,8,4336877841,20.6758185,41.4292336,Центар Жупа
3,193452382,9,2038066284,20.6753035,41.4292336,Центар Жупа
3,193452382,10,4336877835,20.6750031,41.4291371,Центар Жупа
3,193452382,11,4336877834,20.6745954,41.4290245,Центар Жупа
3,193452382,12,4336877833,20.6742092,41.4290245,Центар Жупа
3,193452382,13,4336877840,20.6740375,41.4292015,Центар Жупа
3,193452382,14,2038066283,20.6736298,41.4292015,Центар Жупа
3,193452382,15,4336877843,20.6726213,41.4293784,Центар Жупа
3,193452382,16,4336877845,20.6722136,41.4294106,Центар Жупа
3,193452382,17,4336877842,20.6719991,41.4292819,Центар Жупа
3,193452382,18,4336877844,20.6716557,41.4294106,Центар Жупа
3,193452382,19,4336877831,20.6703039,41.4281235,Центар Жупа
3,193452382,20,2038066280,20.6697675,41.4278822,Центар Жупа
3,193452382,21,4336877830,20.6694241,41.4277696,Центар Жупа
3,193452382,22,4336877829,20.6694027,41.4274156,Центар Жупа
3,193452382,23,4336877828,20.6693383,41.4271582,Центар Жупа
3,193452382,24,4336877825,20.6688019,41.4267882,Центар Жупа
3,193452382,25,4336877824,20.6682654,41.4266595,Центар Жупа
3,193452382,26,4336877827,20.6680723,41.4269330,Центар Жупа
3,193452382,27,4336877826,20.6676217,41.4268525,Центар Жупа
3,193452382,28,4336877823,20.6677290,41.4262411,Центар Жупа
3,193452382,29,4336877822,20.6670638,41.4259194,Центар Жупа
3,193452382,30,4336877819,20.6672784,41.4254689,Центар Жупа
3,193452382,31,4336877818,20.6667205,41.4253723,Центар Жупа
3,193452382,32,4336877821,20.6664844,41.4255976,Центар Жупа
3,193452382,33,4336877820,20.6660553,41.4255010,Центар Жупа
3,193452382,34,4336877817,20.6659909,41.4250183,Центар Жупа
3,193452382,35,4336877816,20.6653901,41.4246966,Центар Жупа
3,193452382,36,4336877815,20.6649395,41.4246483,Центар Жупа
3,193452382,37,4336877814,20.6648322,41.4237955,Центар Жупа
3,193452382,38,4336877813,20.6644460,41.4236668,Центар Жупа
3,193452382,39,4336877808,20.6642314,41.4230876,Центар Жупа
3,193452382,40,4336877803,20.6637164,41.4228462,Центар Жупа
3,193452382,41,4336877806,20.6633087,41.4229750,Центар Жупа
3,193452382,42,4336877802,20.6629225,41.4228141,Центар Жупа
3,193452382,43,4336877797,20.6626435,41.4225405,Центар Жупа
3,193452382,44,4336877804,20.6624504,41.4228623,Центар Жупа
3,193452382,45,4336877805,20.6621071,41.4228784,Центар Жупа
3,193452382,46,4336877810,20.6623002,41.4232324,Центар Жупа
3,193452382,47,4336877812,20.6618067,41.4233611,Центар Жупа
3,193452382,48,4336877809,20.6617638,41.4231680,Центар Жупа
3,193452382,49,4336877811,20.6614204,41.4232485,Центар Жупа
3,193452382,50,4336877807,20.6610986,41.4230715,Центар Жупа
3,193452382,51,4336877801,20.6609913,41.4228141,Центар Жупа
3,193452382,52,4336877800,20.6605836,41.4227497,Центар Жупа
3,193452382,53,4336877799,20.6603905,41.4226049,Центар Жупа
3,193452382,54,4336877798,20.6599828,41.4225727,Центар Жупа
3,193452382,55,4336877796,20.6598111,41.4222509,Центар Жупа
3,193452382,56,4336877795,20.6595536,41.4221544,Центар Жупа
3,193452382,57,4336877794,20.6592747,41.4219935,Центар Жупа
3,193452382,58,4336877793,20.6592103,41.4216877,Центар Жупа
3,193452382,59,4336877792,20.6588241,41.4216877,Центар Жупа
3,193452382,60,4336877791,20.6586524,41.4214625,Центар Жупа
3,193452382,61,4336877790,20.6581803,41.4214303,Центар Жупа
3,193452382,62,4336877789,20.6577941,41.4212694,Центар Жупа
3,193452382,63,4336877188,20.6577083,41.4208993,Центар Жупа
3,193452382,64,4336877187,20.6577512,41.4203040,Центар Жупа
3,193452382,65,4336877186,20.6579228,41.4193224,Центар Жупа
3,193452382,66,4336877185,20.6575581,41.4189684,Центар Жупа
3,193452382,67,2038066279,20.6571718,41.4183892,Центар Жупа
3,193452382,68,4336877184,20.6564637,41.4175685,Центар Жупа
3,193452382,69,4336877183,20.6557985,41.4168122,Центар Жупа
3,193452382,70,4336877182,20.6546613,41.4157019,Центар Жупа
3,193452382,71,4336877181,20.6539532,41.4150260,Центар Жупа
3,193452382,72,4336877176,20.6519361,41.4135456,Центар Жупа
3,193452382,73,4336877158,20.6494471,41.4119524,Центар Жупа
3,193452382,74,2038066275,20.6438895,41.4117110,Центар Жупа
3,193452382,75,4336877146,20.6396624,41.4105845,Центар Жупа
3,193452382,76,4336877140,20.6362935,41.4098603,Центар Жупа
3,193452382,77,4336877141,20.6333753,41.4098764,Центар Жупа
3,193452382,78,4336877142,20.6309076,41.4104397,Центар Жупа
3,193452382,79,4336877149,20.6291266,41.4108742,Центар Жупа
3,193452382,80,4336877145,20.6274744,41.4105684,Центар Жупа
3,193452382,81,4336877143,20.6267234,41.4105201,Центар Жупа
3,193452382,82,4336877147,20.6262298,41.4106006,Центар Жупа
3,193452382,83,4336877144,20.6257149,41.4105523,Центар Жупа
3,193452382,84,4336877148,20.6244489,41.4107133,Центар Жупа
3,193452382,85,4336877150,20.6232472,41.4110834,Центар Жупа
3,193452382,86,4336877151,20.6229897,41.4114213,Центар Жупа
3,193452382,87,4336877152,20.6225820,41.4115018,Центар Жупа
3,193452382,88,4336877153,20.6220885,41.4115340,Центар Жупа
3,193452382,89,4336877162,20.6222173,41.4122260,Центар Жупа
3,193452382,90,4336877165,20.6222602,41.4125317,Центар Жупа
3,193452382,91,4336877169,20.6220241,41.4130789,Центар Жупа
3,193452382,92,4336877172,20.6216808,41.4132720,Центар Жупа
3,193452382,93,4336877175,20.6212946,41.4134651,Центар Жупа
3,193452382,94,4336877178,20.6211873,41.4137065,Центар Жупа
3,193452382,95,4336877179,20.6211873,41.4140122,Центар Жупа
3,193452382,96,4336877180,20.6198569,41.4141732,Центар Жупа
3,193452382,97,4336877177,20.6194063,41.4135938,Центар Жупа
3,193452382,98,4336877174,20.6188055,41.4133846,Центар Жупа
3,193452382,99,4336877170,20.6180974,41.4130950,Центар Жупа
3,193452382,100,4336877168,20.6176897,41.4127249,Центар Жупа
3,193452382,101,2038066276,20.6171318,41.4126122,Центар Жупа
3,193452382,102,4336877166,20.6166597,41.4125639,Центар Жупа
3,193452382,103,4336877167,20.6162091,41.4126283,Центар Жупа
3,193452382,104,4336877157,20.6119176,41.4119363,Центар Жупа
3,193452382,105,4336877160,20.6088706,41.4120329,Центар Жупа
3,193452382,106,4336877164,20.6060596,41.4124674,Центар Жупа
4,436211198,1,4336877164,20.6060596,41.4124674,Центар Жупа
4,436211198,2,4336877156,20.6035705,41.4117593,Центар Жупа
4,436211198,3,4336877155,20.6022402,41.4116949,Центар Жупа
4,436211198,4,4336877159,20.6014677,41.4119846,Центар Жупа
4,436211198,5,4336877163,20.5980345,41.4122743,Центар Жупа
4,436211198,6,4336877154,20.5955883,41.4116949,Центар Жупа
5,436211191,1,4336877154,20.5955883,41.4116949,Центар Жупа
5,436211191,2,4336877171,20.5888935,41.4131754,Центар Жупа
5,436211191,3,4336877173,20.5824186,41.4133484,Центар Жупа
5,436211191,4,2038066278,20.5764313,41.4121348,Центар Жупа
6,436441573,1,694543042,20.5752708,41.4120311,Центар Жупа
6,436441573,2,4957301822,20.5756734,41.4120671,Центар Жупа
6,436441573,3,2038066278,20.5764313,41.4121348,Центар Жупа
7,435792966,1,2365666780,20.5638562,41.4282034,Центар Жупа
7,435792966,2,4343304914,20.5642122,41.4270453,Центар Жупа
7,435792966,3,4343304913,20.5654139,41.4254042,Центар Жупа
7,435792966,4,4957968826,20.5660479,41.4234746,Центар Жупа
7,435792966,5,4343304912,20.5665082,41.4220737,Центар Жупа
7,435792966,6,4343304911,20.5688042,41.4213013,Центар Жупа
7,435792966,7,4343304910,20.5709285,41.4199819,Центар Жупа
7,435792966,8,4957968900,20.5715986,41.4192086,Центар Жупа
7,435792966,9,4343304909,20.5745119,41.4158465,Центар Жупа
7,435792966,10,4957957464,20.5752337,41.4122175,Центар Жупа
7,435792966,11,694543042,20.5752708,41.4120311,Центар Жупа
8,436205789,1,2365666780,20.5638562,41.4282034,Центар Жупа
8,436205789,2,2365666748,20.5633572,41.4303409,Центар Жупа
8,436205789,3,2365666763,20.5608896,41.4348631,Центар Жупа
9,510996078,1,2365666763,20.5608896,41.4348631,Центар Жупа
9,510996078,2,2365666759,20.5587009,41.4374048,Центар Жупа
9,510996078,3,2365666786,20.5567268,41.4392708,Центар Жупа
9,510996078,4,2365666784,20.5556539,41.4418766,Центар Жупа
9,510996078,5,2365666777,20.5553106,41.4443216,Центар Жупа
9,510996078,6,2365666760,20.5531863,41.4459766,Центар Жупа
9,510996078,7,2365666776,20.5504397,41.4479711,Центар Жупа
10,510995094,1,2365666776,20.5504397,41.4479711,Центар Жупа
10,510995094,2,2365666775,20.5484227,41.4483892,Центар Жупа
10,510995094,3,2365666789,20.5464915,41.4481962,Центар Жупа
10,510995094,4,2365666769,20.5443886,41.4480354,Центар Жупа
10,510995094,5,2365666741,20.5428866,41.4490647,Центар Жупа
10,510995094,6,2365666743,20.5412773,41.4513663,Центар Жупа
10,510995094,7,2365666767,20.5392388,41.4524422,Центар Жупа
10,510995094,8,2365666787,20.5366639,41.4531498,Центар Жупа
10,510995094,9,2365666749,20.5346254,41.4539716,Центар Жупа
10,510995094,10,2365666753,20.5330161,41.4570738,Центар Жупа
11,510985567,1,2365666753,20.5330161,41.4570738,Центар Жупа
11,510985567,2,2365666773,20.5310849,41.4586176,Центар Жупа
11,510985567,3,2365666778,20.5284670,41.4610941,Центар Жупа
12,510993495,1,2365666778,20.5284670,41.4610941,Центар Жупа
12,510993495,2,2365666779,20.5273512,41.4626056,Центар Жупа
12,510993495,3,2365666770,20.5280808,41.4644387,Центар Жупа
13,510992324,1,2365666770,20.5280808,41.4644387,Центар Жупа
13,510992324,2,2365666765,20.5277375,41.4653713,Центар Жупа
13,510992324,3,2365666752,20.5270079,41.4668185,Центар Жупа
13,510992324,4,2365666747,20.5264929,41.4694554,Центар Жупа
13,510992324,5,2365666785,20.5249909,41.4718028,Центар Жупа
14,510991698,1,2365666785,20.5249909,41.4718028,Центар Жупа
14,510991698,2,2365666766,20.5234459,41.4726388,Центар Жупа
14,510991698,3,2365666750,20.5201844,41.4730569,Центар Жупа
14,510991698,4,2365666746,20.5178670,41.4743752,Центар Жупа
14,510991698,5,2365666757,20.5170301,41.4784764,Центар Жупа
15,510990889,1,2365666757,20.5170301,41.4784764,Центар Жупа
15,510990889,2,2365666772,20.5162791,41.4829599,Центар Жупа
15,510990889,3,2365666755,20.5162362,41.4882001,Центар Жупа
15,510990889,4,2365666754,20.5162791,41.4923149,Центар Жупа
15,510990889,5,2365666742,20.5172232,41.4964937,Центар Жупа
16,510984605,1,2365666742,20.5172232,41.4964937,Центар Жупа
16,510984605,2,2365666768,20.5240468,41.5011543,Центар Жупа
17,510987817,1,2365666768,20.5240468,41.5011543,Центар Жупа
17,510987817,2,2365666744,20.5312136,41.5044005,Центар Жупа
17,510987817,3,4999362005,20.5368518,41.5060083,Центар Жупа
18,510978208,1,4999362005,20.5368518,41.5060083,Центар Жупа
18,510978208,2,2365666788,20.5423716,41.5075822,Центар Жупа
18,510978208,3,2365666745,20.5468777,41.5085142,Центар Жупа
18,510978208,4,2365666761,20.5522851,41.5099282,Центар Жупа
18,510978208,5,2365666751,20.5566410,41.5117455,Центар Жупа
18,510978208,6,2365666783,20.5585722,41.5132238,Центар Жупа
18,510978208,7,2365666739,20.5598382,41.5150378,Центар Жупа
18,510978208,8,4340822743,20.5613783,41.5154658,Центар Жупа
19,510978205,1,4340822743,20.5613783,41.5154658,Центар Жупа
19,510978205,2,2365666758,20.5617931,41.5157175,Центар Жупа
19,510978205,3,2365666756,20.5668781,41.5194695,Центар Жупа
19,510978205,4,4340822772,20.5646023,41.5206432,Центар Жупа
19,510978205,5,4340822773,20.5646023,41.5208561,Центар Жупа
19,510978205,6,4340822774,20.5642000,41.5212135,Центар Жупа
19,510978205,7,4340822775,20.5638459,41.5213621,Центар Жупа
19,510978205,8,4340822776,20.5634168,41.5216754,Центар Жупа
19,510978205,9,4340822777,20.5630091,41.5218321,Центар Жупа
19,510978205,10,4340822778,20.5626711,41.5220369,Центар Жупа
19,510978205,11,4340822779,20.5625746,41.5221734,Центар Жупа
19,510978205,12,4340822780,20.5619523,41.5223984,Центар Жупа
19,510978205,13,2365666774,20.5610397,41.5230387,Центар Жупа
19,510978205,14,2365666764,20.5590455,41.5259615,Центар Жупа
20,436544106,1,2365666764,20.5590455,41.5259615,Центар Жупа
20,436544106,2,4336877951,20.5606488,41.5274842,Центар Жупа
20,436544106,3,2365666781,20.5627993,41.5308780,Центар Жупа
21,436544093,1,2365666781,20.5627993,41.5308780,Центар Жупа
21,436544093,2,4336877959,20.5682877,41.5301507,Центар Жупа
22,436544163,1,4336877959,20.5682877,41.5301507,Центар Жупа
22,436544163,2,4336877954,20.5693472,41.5284204,Центар Жупа
22,436544163,3,4336877948,20.5709029,41.5269023,Центар Жупа
22,436544163,4,2365666782,20.5705885,41.5264701,Центар Жупа
22,436544163,5,2365666762,20.5760280,41.5263576,Центар Жупа
22,436544163,6,4336877938,20.5788315,41.5260429,Центар Жупа
22,436544163,7,4336877932,20.5794645,41.5257296,Центар Жупа
22,436544163,8,4336877926,20.5808365,41.5253140,Центар Жупа
23,435793618,1,4336877926,20.5808365,41.5253140,Центар Жупа
23,435793618,2,4336877945,20.5818919,41.5266649,Центар Жупа
23,435793618,3,4336877949,20.5827288,41.5269701,Центар Жупа
23,435793618,4,4336877944,20.5846600,41.5263115,Центар Жупа
23,435793618,5,4336877940,20.5852393,41.5261669,Центар Жупа
23,435793618,6,4336877939,20.5857972,41.5261187,Центар Жупа
23,435793618,7,4336877935,20.5862693,41.5258938,Центар Жупа
23,435793618,8,4336877936,20.5865053,41.5258938,Центар Жупа
23,435793618,9,4336877930,20.5868272,41.5256850,Центар Жупа
23,435793618,10,4336877929,20.5889300,41.5256368,Центар Жупа
23,435793618,11,4336877923,20.5899385,41.5248336,Центар Жупа
23,435793618,12,4336877921,20.5905823,41.5245926,Центар Жупа
23,435793618,13,4336877922,20.5913762,41.5247693,Центар Жупа
23,435793618,14,4336877920,20.5917839,41.5245765,Центар Жупа
23,435793618,15,4336877924,20.5921701,41.5248336,Центар Жупа
23,435793618,16,4336877925,20.5935005,41.5250263,Центар Жупа
23,435793618,17,4336877927,20.5936722,41.5253155,Центар Жупа
23,435793618,18,4336877928,20.5942301,41.5253476,Центар Жупа
23,435793618,19,4336877942,20.5956892,41.5262633,Центар Жупа
23,435793618,20,4336877941,20.5964188,41.5262151,Центар Жупа
23,435793618,21,4336877937,20.5976418,41.5259581,Центар Жупа
23,435793618,22,4336877933,20.5977706,41.5257653,Центар Жупа
23,435793618,23,4336877934,20.5985860,41.5258296,Центар Жупа
23,435793618,24,4336877943,20.5988220,41.5262794,Центар Жупа
23,435793618,25,4336877946,20.5983070,41.5267131,Центар Жупа
23,435793618,26,4336877947,20.5979208,41.5268416,Центар Жупа
23,435793618,27,4336877950,20.5979208,41.5272914,Центар Жупа
23,435793618,28,4336877953,20.5988435,41.5281428,Центар Жупа
23,435793618,29,2039713341,20.5988435,41.5285765,Центар Жупа
23,435793618,30,4336877955,20.5992726,41.5284962,Центар Жупа
23,435793618,31,4336877956,20.5994443,41.5294440,Центар Жупа
23,435793618,32,4336877957,20.5999164,41.5297170,Центар Жупа
23,435793618,33,4336877958,20.5997662,41.5299098,Центар Жупа
23,435793618,34,4336877960,20.5999164,41.5302311,Центар Жупа
23,435793618,35,4336877961,20.6003455,41.5304720,Центар Жупа
23,435793618,36,4336877962,20.6001953,41.5308575,Центар Жупа
23,435793618,37,4336877964,20.6009463,41.5314358,Центар Жупа
23,435793618,38,4336877965,20.6013540,41.5315322,Центар Жупа
23,435793618,39,4336877966,20.6016973,41.5322229,Центар Жупа
24,436544084,1,4336877966,20.6016973,41.5322229,Центар Жупа
24,436544084,2,4336877963,20.6025127,41.5313234,Центар Жупа
24,436544084,3,4336877952,20.6055597,41.5281267,Центар Жупа
24,436544084,4,4336877931,20.6052379,41.5256850,Центар Жупа
24,436544084,5,4336877919,20.6085423,41.5237251,Центар Жупа
24,436544084,6,2039713340,20.6108812,41.5211225,Центар Жупа
24,436544084,7,4336877918,20.6133274,41.5170739,Центар Жупа
24,436544084,8,4336877917,20.6143359,41.5122537,Центар Жупа
24,436544084,9,2039713339,20.6154088,41.5096828,Центар Жупа
24,436544084,10,4336877916,20.6156234,41.5085259,Центар Жупа
24,436544084,11,4336877915,20.6163100,41.5072403,Центар Жупа
24,436544084,12,4336877914,20.6177906,41.5055049,Центар Жупа
24,436544084,13,4336877913,20.6167150,41.5002278,Центар Жупа
25,436205772,1,4336877913,20.6167150,41.5002278,Центар Жупа
25,436205772,2,4336877912,20.6169108,41.4997678,Центар Жупа
25,436205772,3,4336877911,20.6173614,41.4993821,Центар Жупа
25,436205772,4,4336877910,20.6175546,41.4989643,Центар Жупа
25,436205772,5,4336877909,20.6180481,41.4987714,Центар Жупа
25,436205772,6,4336877908,20.6183056,41.4984178,Центар Жупа
25,436205772,7,4336877907,20.6184987,41.4974535,Центар Жупа
25,436205772,8,4336877906,20.6194214,41.4957178,Центар Жупа
25,436205772,9,2039738145,20.6201080,41.4953482,Центар Жупа
25,436205772,10,4336877905,20.6201509,41.4949464,Центар Жупа
25,436205772,11,4336877904,20.6204943,41.4945124,Центар Жупа
25,436205772,12,4336877903,20.6204943,41.4938856,Центар Жупа
25,436205772,13,4336877902,20.6208161,41.4933873,Центар Жупа
25,436205772,14,4336877901,20.6207732,41.4930820,Центар Жупа
25,436205772,15,4336877900,20.6210092,41.4926480,Центар Жупа
25,436205772,16,4336877899,20.6214169,41.4924391,Центар Жупа
25,436205772,17,4336877896,20.6219319,41.4918122,Центар Жупа
25,436205772,18,4336877891,20.6225542,41.4912979,Центар Жупа
25,436205772,19,4336877889,20.6232838,41.4910889,Центар Жупа
25,436205772,20,4336877893,20.6240562,41.4915390,Центар Жупа
25,436205772,21,4336877894,20.6245927,41.4916033,Центар Жупа
25,436205772,22,4336877897,20.6252364,41.4918283,Центар Жупа
25,436205772,23,4336877895,20.6256441,41.4916836,Центар Жупа
25,436205772,24,4336877888,20.6266312,41.4910086,Центар Жупа
25,436205772,25,4336877881,20.6269704,41.4904651,Центар Жупа
26,436544154,1,4336877881,20.6269704,41.4904651,Центар Жупа
26,436544154,2,4336877880,20.6284121,41.4898834,Центар Жупа
26,436544154,3,4336877879,20.6290559,41.4896263,Центар Жупа
26,436544154,4,4336877878,20.6299786,41.4894816,Центар Жупа
26,436544154,5,4336877882,20.6319956,41.4904782,Центар Жупа
26,436544154,6,4336877890,20.6337336,41.4911372,Центар Жупа
26,436544154,7,2039713335,20.6341843,41.4931784,Центар Жупа
27,436211181,1,2039713335,20.6341843,41.4931784,Центар Жупа
27,436211181,2,4336877898,20.6368450,41.4923426,Центар Жупа
27,436211181,3,4336877892,20.6391624,41.4913461,Центар Жупа
27,436211181,4,4336877887,20.6406430,41.4908639,Центар Жупа
27,436211181,5,4336877884,20.6428961,41.4907032,Центар Жупа
27,436211181,6,2039713332,20.6437973,41.4908157,Центар Жупа
27,436211181,7,4336877883,20.6453208,41.4906871,Центар Жупа
27,436211181,8,4336877886,20.6473378,41.4907835,Центар Жупа
27,436211181,9,4336877885,20.6489471,41.4907032,Центар Жупа
27,436211181,10,2039713333,20.6506638,41.4918444,Центар Жупа
28,436544104,1,2039713333,20.6506638,41.4918444,Центар Жупа
28,436544104,2,4336877877,20.6484751,41.4842093,Центар Жупа
28,436544104,3,4336877876,20.6502561,41.4784543,Центар Жупа
29,436211201,1,4336877876,20.6502561,41.4784543,Центар Жупа
29,436211201,2,4336877875,20.6474022,41.4713964,Центар Жупа
29,436211201,3,4336877874,20.6476382,41.4698047,Центар Жупа
29,436211201,4,2039713326,20.6488398,41.4680843,Центар Жупа
29,436211201,5,4336877873,20.6488398,41.4651579,Центар Жупа
29,436211201,6,4336877872,20.6526164,41.4574071,Центар Жупа
29,436211201,7,4336877871,20.6547407,41.4544481,Центар Жупа
30,436211178,1,4336877871,20.6547407,41.4544481,Центар Жупа
30,436211178,2,4336877870,20.6579808,41.4537726,Центар Жупа
30,436211178,3,4336877866,20.6588177,41.4532419,Центар Жупа
30,436211178,4,4336877868,20.6598476,41.4534188,Центар Жупа
30,436211178,5,4336877869,20.6608347,41.4534188,Центар Жупа
30,436211178,6,2039713323,20.6621221,41.4534831,Центар Жупа
30,436211178,7,4336877867,20.6628732,41.4533545,Центар Жупа
30,436211178,8,4336877865,20.6629805,41.4524378,Центар Жупа
30,436211178,9,4336877864,20.6618647,41.4512798,Центар Жупа
30,436211178,10,4336877863,20.6625298,41.4510225,Центар Жупа
30,436211178,11,4336877862,20.6627659,41.4502827,Центар Жупа
30,436211178,12,4336877861,20.6626157,41.4488352,Центар Жупа
